2025-11-26 11:41:07,936 - __main__ - INFO - 🚀 Starting Civil Law Skill Loader
2025-11-26 11:41:07,936 - __main__ - INFO - ============================================================
2025-11-26 11:41:07,936 - __main__ - INFO - 🏛️ Civil Law Skill Loader with BGE-M3
2025-11-26 11:41:07,936 - __main__ - INFO - ============================================================
2025-11-26 11:41:07,936 - __main__ - INFO - 📅 Start time: 2025-11-26 11:41:07
2025-11-26 11:41:07,936 - __main__ - INFO - ============================================================
2025-11-26 11:41:07,936 - __main__ - INFO - 📁 Verifying Civil Law PDF Files
2025-11-26 11:41:07,936 - __main__ - INFO - ============================================================
2025-11-26 11:41:07,937 - __main__ - INFO - ✅ Found: 家事事件法.pdf (0.42 MB)
2025-11-26 11:41:07,937 - __main__ - INFO - ✅ Found: 強制執行法.pdf (0.33 MB)
2025-11-26 11:41:07,937 - __main__ - INFO - ✅ Found: 民事訴訟法.pdf (0.84 MB)
2025-11-26 11:41:07,937 - __main__ - INFO - ✅ Found: 民法.pdf (1.40 MB)
2025-11-26 11:41:07,937 - __main__ - INFO - ✅ Found: 消費者保護法.pdf (0.23 MB)
2025-11-26 11:41:07,937 - __main__ - INFO - 📊 Total size: 3.22 MB
2025-11-26 11:41:07,937 - __main__ - INFO - 
📦 Initializing providers...
2025-11-26 11:41:07,937 - app.Providers.skill_metadata_provider.client - INFO - Skill Metadata Provider initialized: data/skill_metadata.db
2025-11-26 11:41:07,937 - app.core.device_utils - INFO - Using CPU as specified
2025-11-26 11:41:07,937 - app.Providers.embedding_provider.client - INFO - Auto-detected device for embeddings: cpu
2025-11-26 11:41:07,937 - app.Providers.embedding_provider.client - INFO - Embedding Provider configured with model: sentence-transformers/all-MiniLM-L6-v2, device: cpu
2025-11-26 11:41:08,027 - app.Providers.embedding_provider.client - INFO - Loading embedding model: sentence-transformers/all-MiniLM-L6-v2
2025-11-26 11:41:08,028 - sentence_transformers.SentenceTransformer - INFO - Load pretrained SentenceTransformer: sentence-transformers/all-MiniLM-L6-v2
2025-11-26 11:41:10,520 - app.Providers.embedding_provider.client - INFO - Successfully loaded embedding model: sentence-transformers/all-MiniLM-L6-v2
2025-11-26 11:41:10,540 - app.Providers.vector_store_provider.client - INFO - No persisted FAISS stores found
2025-11-26 11:41:10,540 - app.Providers.vector_store_provider.client - INFO - Vector Store Provider initialized with backend: faiss
2025-11-26 11:41:10,540 - app.Providers.bge_embedding_provider - INFO - Loading BGE-M3 model on cpu...
2025-11-26 11:41:10,541 - sentence_transformers.SentenceTransformer - INFO - Load pretrained SentenceTransformer: BAAI/bge-m3
2025-11-26 11:41:14,883 - app.Providers.bge_embedding_provider - INFO - ✅ BGE-M3 model loaded successfully (dim=1024)
2025-11-26 11:41:14,883 - __main__ - WARNING - Could not check existing skills: 'SkillMetadataProvider' object has no attribute 'list_all_skills'
2025-11-26 11:41:14,883 - __main__ - INFO - 
🔄 Processing Civil Law PDFs with BGE-M3...
2025-11-26 11:41:14,884 - __main__ - INFO -    Directory: refData/rawdata/law/民法
2025-11-26 11:41:14,884 - __main__ - INFO -    Expected files: 5
2025-11-26 11:41:14,884 - app.SkillServices.pdf_skill_ingestion_service - INFO - Found 5 PDFs in refData/rawdata/law/民法
2025-11-26 11:41:14,884 - app.SkillServices.pdf_skill_ingestion_service - INFO - Processing PDF: 強制執行法.pdf
2025-11-26 11:41:15,317 - app.SkillServices.pdf_skill_ingestion_service - INFO -   Extracted 43 pages from 強制執行法.pdf
2025-11-26 11:41:15,317 - app.Providers.bge_embedding_provider - INFO - Generating embeddings for 1 texts...
2025-11-26 11:41:15,626 - app.Providers.bge_embedding_provider - INFO - ✅ Generated 1 embeddings (dim=1024)
2025-11-26 11:41:15,626 - app.Providers.bge_embedding_provider - INFO - Generating embeddings for 1 texts...
2025-11-26 11:41:15,936 - app.Providers.bge_embedding_provider - INFO - ✅ Generated 1 embeddings (dim=1024)
2025-11-26 11:41:15,936 - app.Providers.bge_embedding_provider - INFO - Generating embeddings for 1 texts...
2025-11-26 11:41:16,451 - app.Providers.bge_embedding_provider - INFO - ✅ Generated 1 embeddings (dim=1024)
2025-11-26 11:41:16,451 - app.Providers.bge_embedding_provider - INFO - Generating embeddings for 1 texts...
2025-11-26 11:41:16,847 - app.Providers.bge_embedding_provider - INFO - ✅ Generated 1 embeddings (dim=1024)
2025-11-26 11:41:16,847 - app.Providers.bge_embedding_provider - INFO - Generating embeddings for 1 texts...
2025-11-26 11:41:17,408 - app.Providers.bge_embedding_provider - INFO - ✅ Generated 1 embeddings (dim=1024)
2025-11-26 11:41:17,408 - app.Providers.bge_embedding_provider - INFO - Generating embeddings for 1 texts...
2025-11-26 11:41:18,065 - app.Providers.bge_embedding_provider - INFO - ✅ Generated 1 embeddings (dim=1024)
2025-11-26 11:41:18,065 - app.Providers.bge_embedding_provider - INFO - Generating embeddings for 1 texts...
2025-11-26 11:41:18,624 - app.Providers.bge_embedding_provider - INFO - ✅ Generated 1 embeddings (dim=1024)
2025-11-26 11:41:18,624 - app.Providers.bge_embedding_provider - INFO - Generating embeddings for 1 texts...
2025-11-26 11:41:19,237 - app.Providers.bge_embedding_provider - INFO - ✅ Generated 1 embeddings (dim=1024)
2025-11-26 11:41:19,237 - app.Providers.bge_embedding_provider - INFO - Generating embeddings for 1 texts...
2025-11-26 11:41:19,765 - app.Providers.bge_embedding_provider - INFO - ✅ Generated 1 embeddings (dim=1024)
2025-11-26 11:41:19,766 - app.Providers.bge_embedding_provider - INFO - Generating embeddings for 1 texts...
2025-11-26 11:41:20,153 - app.Providers.bge_embedding_provider - INFO - ✅ Generated 1 embeddings (dim=1024)
2025-11-26 11:41:20,153 - app.Providers.bge_embedding_provider - INFO - Generating embeddings for 1 texts...
2025-11-26 11:41:20,627 - app.Providers.bge_embedding_provider - INFO - ✅ Generated 1 embeddings (dim=1024)
2025-11-26 11:41:20,627 - app.Providers.bge_embedding_provider - INFO - Generating embeddings for 1 texts...
2025-11-26 11:41:21,193 - app.Providers.bge_embedding_provider - INFO - ✅ Generated 1 embeddings (dim=1024)
2025-11-26 11:41:21,193 - app.Providers.bge_embedding_provider - INFO - Generating embeddings for 1 texts...
2025-11-26 11:41:21,689 - app.Providers.bge_embedding_provider - INFO - ✅ Generated 1 embeddings (dim=1024)
2025-11-26 11:41:21,689 - app.Providers.bge_embedding_provider - INFO - Generating embeddings for 1 texts...
2025-11-26 11:41:22,178 - app.Providers.bge_embedding_provider - INFO - ✅ Generated 1 embeddings (dim=1024)
2025-11-26 11:41:22,178 - app.Providers.bge_embedding_provider - INFO - Generating embeddings for 1 texts...
2025-11-26 11:41:22,663 - app.Providers.bge_embedding_provider - INFO - ✅ Generated 1 embeddings (dim=1024)
2025-11-26 11:41:22,663 - app.Providers.bge_embedding_provider - INFO - Generating embeddings for 1 texts...
2025-11-26 11:41:23,243 - app.Providers.bge_embedding_provider - INFO - ✅ Generated 1 embeddings (dim=1024)
2025-11-26 11:41:23,243 - app.Providers.bge_embedding_provider - INFO - Generating embeddings for 1 texts...
2025-11-26 11:41:23,507 - app.Providers.bge_embedding_provider - INFO - ✅ Generated 1 embeddings (dim=1024)
2025-11-26 11:41:23,507 - app.Providers.bge_embedding_provider - INFO - Generating embeddings for 1 texts...
2025-11-26 11:41:24,020 - app.Providers.bge_embedding_provider - INFO - ✅ Generated 1 embeddings (dim=1024)
2025-11-26 11:41:24,020 - app.Providers.bge_embedding_provider - INFO - Generating embeddings for 1 texts...
2025-11-26 11:41:24,507 - app.Providers.bge_embedding_provider - INFO - ✅ Generated 1 embeddings (dim=1024)
2025-11-26 11:41:24,507 - app.Providers.bge_embedding_provider - INFO - Generating embeddings for 1 texts...
2025-11-26 11:41:25,064 - app.Providers.bge_embedding_provider - INFO - ✅ Generated 1 embeddings (dim=1024)
2025-11-26 11:41:25,064 - app.Providers.bge_embedding_provider - INFO - Generating embeddings for 1 texts...
2025-11-26 11:41:25,500 - app.Providers.bge_embedding_provider - INFO - ✅ Generated 1 embeddings (dim=1024)
2025-11-26 11:41:25,500 - app.Providers.bge_embedding_provider - INFO - Generating embeddings for 1 texts...
2025-11-26 11:41:25,872 - app.Providers.bge_embedding_provider - INFO - ✅ Generated 1 embeddings (dim=1024)
2025-11-26 11:41:25,873 - app.Providers.bge_embedding_provider - INFO - Generating embeddings for 1 texts...
2025-11-26 11:41:26,502 - app.Providers.bge_embedding_provider - INFO - ✅ Generated 1 embeddings (dim=1024)
2025-11-26 11:41:26,502 - app.Providers.bge_embedding_provider - INFO - Generating embeddings for 1 texts...
2025-11-26 11:41:26,893 - app.Providers.bge_embedding_provider - INFO - ✅ Generated 1 embeddings (dim=1024)
2025-11-26 11:41:26,893 - app.Providers.bge_embedding_provider - INFO - Generating embeddings for 1 texts...
2025-11-26 11:41:27,200 - app.Providers.bge_embedding_provider - INFO - ✅ Generated 1 embeddings (dim=1024)
2025-11-26 11:41:27,200 - app.Providers.bge_embedding_provider - INFO - Generating embeddings for 1 texts...
2025-11-26 11:41:27,804 - app.Providers.bge_embedding_provider - INFO - ✅ Generated 1 embeddings (dim=1024)
2025-11-26 11:41:27,804 - app.Providers.bge_embedding_provider - INFO - Generating embeddings for 1 texts...
2025-11-26 11:41:28,569 - app.Providers.bge_embedding_provider - INFO - ✅ Generated 1 embeddings (dim=1024)
2025-11-26 11:41:28,570 - app.Providers.bge_embedding_provider - INFO - Generating embeddings for 1 texts...
2025-11-26 11:41:28,938 - app.Providers.bge_embedding_provider - INFO - ✅ Generated 1 embeddings (dim=1024)
2025-11-26 11:41:28,938 - app.Providers.bge_embedding_provider - INFO - Generating embeddings for 1 texts...
2025-11-26 11:41:29,416 - app.Providers.bge_embedding_provider - INFO - ✅ Generated 1 embeddings (dim=1024)
2025-11-26 11:41:29,417 - app.Providers.bge_embedding_provider - INFO - Generating embeddings for 1 texts...
2025-11-26 11:41:30,008 - app.Providers.bge_embedding_provider - INFO - ✅ Generated 1 embeddings (dim=1024)
2025-11-26 11:41:30,008 - app.Providers.bge_embedding_provider - INFO - Generating embeddings for 1 texts...
2025-11-26 11:41:30,721 - app.Providers.bge_embedding_provider - INFO - ✅ Generated 1 embeddings (dim=1024)
2025-11-26 11:41:30,721 - app.Providers.bge_embedding_provider - INFO - Generating embeddings for 1 texts...
2025-11-26 11:41:31,211 - app.Providers.bge_embedding_provider - INFO - ✅ Generated 1 embeddings (dim=1024)
2025-11-26 11:41:31,211 - app.Providers.bge_embedding_provider - INFO - Generating embeddings for 1 texts...
2025-11-26 11:41:31,695 - app.Providers.bge_embedding_provider - INFO - ✅ Generated 1 embeddings (dim=1024)
2025-11-26 11:41:31,695 - app.Providers.bge_embedding_provider - INFO - Generating embeddings for 1 texts...
2025-11-26 11:41:32,234 - app.Providers.bge_embedding_provider - INFO - ✅ Generated 1 embeddings (dim=1024)
2025-11-26 11:41:32,234 - app.Providers.bge_embedding_provider - INFO - Generating embeddings for 1 texts...
2025-11-26 11:41:32,783 - app.Providers.bge_embedding_provider - INFO - ✅ Generated 1 embeddings (dim=1024)
2025-11-26 11:41:32,784 - app.Providers.bge_embedding_provider - INFO - Generating embeddings for 1 texts...
2025-11-26 11:41:33,338 - app.Providers.bge_embedding_provider - INFO - ✅ Generated 1 embeddings (dim=1024)
2025-11-26 11:41:33,338 - app.Providers.bge_embedding_provider - INFO - Generating embeddings for 1 texts...
2025-11-26 11:41:33,978 - app.Providers.bge_embedding_provider - INFO - ✅ Generated 1 embeddings (dim=1024)
2025-11-26 11:41:33,978 - app.Providers.bge_embedding_provider - INFO - Generating embeddings for 1 texts...
2025-11-26 11:41:34,676 - app.Providers.bge_embedding_provider - INFO - ✅ Generated 1 embeddings (dim=1024)
2025-11-26 11:41:34,676 - app.Providers.bge_embedding_provider - INFO - Generating embeddings for 1 texts...
2025-11-26 11:41:35,183 - app.Providers.bge_embedding_provider - INFO - ✅ Generated 1 embeddings (dim=1024)
2025-11-26 11:41:35,183 - app.Providers.bge_embedding_provider - INFO - Generating embeddings for 1 texts...
2025-11-26 11:41:35,780 - app.Providers.bge_embedding_provider - INFO - ✅ Generated 1 embeddings (dim=1024)
2025-11-26 11:41:35,781 - app.Providers.bge_embedding_provider - INFO - Generating embeddings for 1 texts...
2025-11-26 11:41:36,353 - app.Providers.bge_embedding_provider - INFO - ✅ Generated 1 embeddings (dim=1024)
2025-11-26 11:41:36,353 - app.Providers.bge_embedding_provider - INFO - Generating embeddings for 1 texts...
2025-11-26 11:41:36,897 - app.Providers.bge_embedding_provider - INFO - ✅ Generated 1 embeddings (dim=1024)
2025-11-26 11:41:36,897 - app.Providers.bge_embedding_provider - INFO - Generating embeddings for 1 texts...
2025-11-26 11:41:37,286 - app.Providers.bge_embedding_provider - INFO - ✅ Generated 1 embeddings (dim=1024)
2025-11-26 11:41:37,286 - app.SkillServices.pdf_skill_ingestion_service - INFO - Processing PDF: 民事訴訟法.pdf
2025-11-26 11:41:38,639 - app.SkillServices.pdf_skill_ingestion_service - INFO -   Extracted 148 pages from 民事訴訟法.pdf
2025-11-26 11:41:38,639 - app.Providers.bge_embedding_provider - INFO - Generating embeddings for 1 texts...
2025-11-26 11:41:39,436 - app.Providers.bge_embedding_provider - INFO - ✅ Generated 1 embeddings (dim=1024)
2025-11-26 11:41:39,436 - app.Providers.bge_embedding_provider - INFO - Generating embeddings for 1 texts...
2025-11-26 11:41:39,562 - app.Providers.bge_embedding_provider - INFO - ✅ Generated 1 embeddings (dim=1024)
2025-11-26 11:41:39,562 - app.Providers.bge_embedding_provider - INFO - Generating embeddings for 1 texts...
2025-11-26 11:41:40,090 - app.Providers.bge_embedding_provider - INFO - ✅ Generated 1 embeddings (dim=1024)
2025-11-26 11:41:40,091 - app.Providers.bge_embedding_provider - INFO - Generating embeddings for 1 texts...
2025-11-26 11:41:40,580 - app.Providers.bge_embedding_provider - INFO - ✅ Generated 1 embeddings (dim=1024)
2025-11-26 11:41:40,581 - app.Providers.bge_embedding_provider - INFO - Generating embeddings for 1 texts...
2025-11-26 11:41:41,133 - app.Providers.bge_embedding_provider - INFO - ✅ Generated 1 embeddings (dim=1024)
2025-11-26 11:41:41,133 - app.Providers.bge_embedding_provider - INFO - Generating embeddings for 1 texts...
2025-11-26 11:41:41,708 - app.Providers.bge_embedding_provider - INFO - ✅ Generated 1 embeddings (dim=1024)
2025-11-26 11:41:41,708 - app.Providers.bge_embedding_provider - INFO - Generating embeddings for 1 texts...
2025-11-26 11:41:42,362 - app.Providers.bge_embedding_provider - INFO - ✅ Generated 1 embeddings (dim=1024)
2025-11-26 11:41:42,362 - app.Providers.bge_embedding_provider - INFO - Generating embeddings for 1 texts...
2025-11-26 11:41:42,914 - app.Providers.bge_embedding_provider - INFO - ✅ Generated 1 embeddings (dim=1024)
2025-11-26 11:41:42,914 - app.Providers.bge_embedding_provider - INFO - Generating embeddings for 1 texts...
2025-11-26 11:41:43,370 - app.Providers.bge_embedding_provider - INFO - ✅ Generated 1 embeddings (dim=1024)
2025-11-26 11:41:43,370 - app.Providers.bge_embedding_provider - INFO - Generating embeddings for 1 texts...
2025-11-26 11:41:43,743 - app.Providers.bge_embedding_provider - INFO - ✅ Generated 1 embeddings (dim=1024)
2025-11-26 11:41:43,743 - app.Providers.bge_embedding_provider - INFO - Generating embeddings for 1 texts...
2025-11-26 11:41:44,550 - app.Providers.bge_embedding_provider - INFO - ✅ Generated 1 embeddings (dim=1024)
2025-11-26 11:41:44,550 - app.Providers.bge_embedding_provider - INFO - Generating embeddings for 1 texts...
2025-11-26 11:41:45,071 - app.Providers.bge_embedding_provider - INFO - ✅ Generated 1 embeddings (dim=1024)
2025-11-26 11:41:45,071 - app.Providers.bge_embedding_provider - INFO - Generating embeddings for 1 texts...
2025-11-26 11:41:45,584 - app.Providers.bge_embedding_provider - INFO - ✅ Generated 1 embeddings (dim=1024)
2025-11-26 11:41:45,585 - app.Providers.bge_embedding_provider - INFO - Generating embeddings for 1 texts...
2025-11-26 11:41:46,003 - app.Providers.bge_embedding_provider - INFO - ✅ Generated 1 embeddings (dim=1024)
2025-11-26 11:41:46,003 - app.Providers.bge_embedding_provider - INFO - Generating embeddings for 1 texts...
2025-11-26 11:41:46,509 - app.Providers.bge_embedding_provider - INFO - ✅ Generated 1 embeddings (dim=1024)
2025-11-26 11:41:46,509 - app.Providers.bge_embedding_provider - INFO - Generating embeddings for 1 texts...
2025-11-26 11:41:46,944 - app.Providers.bge_embedding_provider - INFO - ✅ Generated 1 embeddings (dim=1024)
2025-11-26 11:41:46,945 - app.Providers.bge_embedding_provider - INFO - Generating embeddings for 1 texts...
2025-11-26 11:41:47,464 - app.Providers.bge_embedding_provider - INFO - ✅ Generated 1 embeddings (dim=1024)
2025-11-26 11:41:47,464 - app.Providers.bge_embedding_provider - INFO - Generating embeddings for 1 texts...
2025-11-26 11:41:48,030 - app.Providers.bge_embedding_provider - INFO - ✅ Generated 1 embeddings (dim=1024)
2025-11-26 11:41:48,030 - app.Providers.bge_embedding_provider - INFO - Generating embeddings for 1 texts...
2025-11-26 11:41:48,351 - app.Providers.bge_embedding_provider - INFO - ✅ Generated 1 embeddings (dim=1024)
2025-11-26 11:41:48,351 - app.Providers.bge_embedding_provider - INFO - Generating embeddings for 1 texts...
2025-11-26 11:41:48,893 - app.Providers.bge_embedding_provider - INFO - ✅ Generated 1 embeddings (dim=1024)
2025-11-26 11:41:48,893 - app.Providers.bge_embedding_provider - INFO - Generating embeddings for 1 texts...
2025-11-26 11:41:49,382 - app.Providers.bge_embedding_provider - INFO - ✅ Generated 1 embeddings (dim=1024)
2025-11-26 11:41:49,382 - app.Providers.bge_embedding_provider - INFO - Generating embeddings for 1 texts...
2025-11-26 11:41:49,945 - app.Providers.bge_embedding_provider - INFO - ✅ Generated 1 embeddings (dim=1024)
2025-11-26 11:41:49,945 - app.Providers.bge_embedding_provider - INFO - Generating embeddings for 1 texts...
2025-11-26 11:41:50,172 - app.Providers.bge_embedding_provider - INFO - ✅ Generated 1 embeddings (dim=1024)
2025-11-26 11:41:50,172 - app.Providers.bge_embedding_provider - INFO - Generating embeddings for 1 texts...
2025-11-26 11:41:50,731 - app.Providers.bge_embedding_provider - INFO - ✅ Generated 1 embeddings (dim=1024)
2025-11-26 11:41:50,731 - app.Providers.bge_embedding_provider - INFO - Generating embeddings for 1 texts...
2025-11-26 11:41:51,446 - app.Providers.bge_embedding_provider - INFO - ✅ Generated 1 embeddings (dim=1024)
2025-11-26 11:41:51,446 - app.Providers.bge_embedding_provider - INFO - Generating embeddings for 1 texts...
2025-11-26 11:41:52,005 - app.Providers.bge_embedding_provider - INFO - ✅ Generated 1 embeddings (dim=1024)
2025-11-26 11:41:52,006 - app.Providers.bge_embedding_provider - INFO - Generating embeddings for 1 texts...
2025-11-26 11:41:52,579 - app.Providers.bge_embedding_provider - INFO - ✅ Generated 1 embeddings (dim=1024)
2025-11-26 11:41:52,579 - app.Providers.bge_embedding_provider - INFO - Generating embeddings for 1 texts...
2025-11-26 11:41:53,189 - app.Providers.bge_embedding_provider - INFO - ✅ Generated 1 embeddings (dim=1024)
2025-11-26 11:41:53,189 - app.Providers.bge_embedding_provider - INFO - Generating embeddings for 1 texts...
2025-11-26 11:41:53,675 - app.Providers.bge_embedding_provider - INFO - ✅ Generated 1 embeddings (dim=1024)
2025-11-26 11:41:53,675 - app.Providers.bge_embedding_provider - INFO - Generating embeddings for 1 texts...
2025-11-26 11:41:54,215 - app.Providers.bge_embedding_provider - INFO - ✅ Generated 1 embeddings (dim=1024)
2025-11-26 11:41:54,215 - app.Providers.bge_embedding_provider - INFO - Generating embeddings for 1 texts...
2025-11-26 11:41:54,615 - app.Providers.bge_embedding_provider - INFO - ✅ Generated 1 embeddings (dim=1024)
2025-11-26 11:41:54,615 - app.Providers.bge_embedding_provider - INFO - Generating embeddings for 1 texts...
2025-11-26 11:41:55,180 - app.Providers.bge_embedding_provider - INFO - ✅ Generated 1 embeddings (dim=1024)
2025-11-26 11:41:55,180 - app.Providers.bge_embedding_provider - INFO - Generating embeddings for 1 texts...
2025-11-26 11:41:55,658 - app.Providers.bge_embedding_provider - INFO - ✅ Generated 1 embeddings (dim=1024)
2025-11-26 11:41:55,658 - app.Providers.bge_embedding_provider - INFO - Generating embeddings for 1 texts...
2025-11-26 11:41:55,963 - app.Providers.bge_embedding_provider - INFO - ✅ Generated 1 embeddings (dim=1024)
2025-11-26 11:41:55,964 - app.Providers.bge_embedding_provider - INFO - Generating embeddings for 1 texts...
2025-11-26 11:41:56,421 - app.Providers.bge_embedding_provider - INFO - ✅ Generated 1 embeddings (dim=1024)
2025-11-26 11:41:56,421 - app.Providers.bge_embedding_provider - INFO - Generating embeddings for 1 texts...
2025-11-26 11:41:57,006 - app.Providers.bge_embedding_provider - INFO - ✅ Generated 1 embeddings (dim=1024)
2025-11-26 11:41:57,006 - app.Providers.bge_embedding_provider - INFO - Generating embeddings for 1 texts...
2025-11-26 11:41:57,367 - app.Providers.bge_embedding_provider - INFO - ✅ Generated 1 embeddings (dim=1024)
2025-11-26 11:41:57,368 - app.Providers.bge_embedding_provider - INFO - Generating embeddings for 1 texts...
2025-11-26 11:41:57,829 - app.Providers.bge_embedding_provider - INFO - ✅ Generated 1 embeddings (dim=1024)
2025-11-26 11:41:57,830 - app.Providers.bge_embedding_provider - INFO - Generating embeddings for 1 texts...
2025-11-26 11:41:58,279 - app.Providers.bge_embedding_provider - INFO - ✅ Generated 1 embeddings (dim=1024)
2025-11-26 11:41:58,279 - app.Providers.bge_embedding_provider - INFO - Generating embeddings for 1 texts...
2025-11-26 11:41:58,740 - app.Providers.bge_embedding_provider - INFO - ✅ Generated 1 embeddings (dim=1024)
2025-11-26 11:41:58,740 - app.Providers.bge_embedding_provider - INFO - Generating embeddings for 1 texts...
2025-11-26 11:41:59,228 - app.Providers.bge_embedding_provider - INFO - ✅ Generated 1 embeddings (dim=1024)
2025-11-26 11:41:59,229 - app.Providers.bge_embedding_provider - INFO - Generating embeddings for 1 texts...
2025-11-26 11:41:59,703 - app.Providers.bge_embedding_provider - INFO - ✅ Generated 1 embeddings (dim=1024)
2025-11-26 11:41:59,703 - app.Providers.bge_embedding_provider - INFO - Generating embeddings for 1 texts...
2025-11-26 11:42:00,113 - app.Providers.bge_embedding_provider - INFO - ✅ Generated 1 embeddings (dim=1024)
2025-11-26 11:42:00,113 - app.Providers.bge_embedding_provider - INFO - Generating embeddings for 1 texts...
2025-11-26 11:42:00,611 - app.Providers.bge_embedding_provider - INFO - ✅ Generated 1 embeddings (dim=1024)
2025-11-26 11:42:00,611 - app.Providers.bge_embedding_provider - INFO - Generating embeddings for 1 texts...
2025-11-26 11:42:01,021 - app.Providers.bge_embedding_provider - INFO - ✅ Generated 1 embeddings (dim=1024)
2025-11-26 11:42:01,021 - app.Providers.bge_embedding_provider - INFO - Generating embeddings for 1 texts...
2025-11-26 11:42:01,475 - app.Providers.bge_embedding_provider - INFO - ✅ Generated 1 embeddings (dim=1024)
2025-11-26 11:42:01,475 - app.Providers.bge_embedding_provider - INFO - Generating embeddings for 1 texts...
2025-11-26 11:42:01,988 - app.Providers.bge_embedding_provider - INFO - ✅ Generated 1 embeddings (dim=1024)
2025-11-26 11:42:01,988 - app.Providers.bge_embedding_provider - INFO - Generating embeddings for 1 texts...
2025-11-26 11:42:02,477 - app.Providers.bge_embedding_provider - INFO - ✅ Generated 1 embeddings (dim=1024)
2025-11-26 11:42:02,477 - app.Providers.bge_embedding_provider - INFO - Generating embeddings for 1 texts...
2025-11-26 11:42:02,872 - app.Providers.bge_embedding_provider - INFO - ✅ Generated 1 embeddings (dim=1024)
2025-11-26 11:42:02,872 - app.Providers.bge_embedding_provider - INFO - Generating embeddings for 1 texts...
2025-11-26 11:42:03,415 - app.Providers.bge_embedding_provider - INFO - ✅ Generated 1 embeddings (dim=1024)
2025-11-26 11:42:03,416 - app.Providers.bge_embedding_provider - INFO - Generating embeddings for 1 texts...
2025-11-26 11:42:03,922 - app.Providers.bge_embedding_provider - INFO - ✅ Generated 1 embeddings (dim=1024)
2025-11-26 11:42:03,922 - app.Providers.bge_embedding_provider - INFO - Generating embeddings for 1 texts...
2025-11-26 11:42:04,334 - app.Providers.bge_embedding_provider - INFO - ✅ Generated 1 embeddings (dim=1024)
2025-11-26 11:42:04,334 - app.Providers.bge_embedding_provider - INFO - Generating embeddings for 1 texts...
2025-11-26 11:42:04,904 - app.Providers.bge_embedding_provider - INFO - ✅ Generated 1 embeddings (dim=1024)
2025-11-26 11:42:04,904 - app.Providers.bge_embedding_provider - INFO - Generating embeddings for 1 texts...
2025-11-26 11:42:05,396 - app.Providers.bge_embedding_provider - INFO - ✅ Generated 1 embeddings (dim=1024)
2025-11-26 11:42:05,396 - app.Providers.bge_embedding_provider - INFO - Generating embeddings for 1 texts...
2025-11-26 11:42:05,835 - app.Providers.bge_embedding_provider - INFO - ✅ Generated 1 embeddings (dim=1024)
2025-11-26 11:42:05,835 - app.Providers.bge_embedding_provider - INFO - Generating embeddings for 1 texts...
2025-11-26 11:42:06,292 - app.Providers.bge_embedding_provider - INFO - ✅ Generated 1 embeddings (dim=1024)
2025-11-26 11:42:06,292 - app.Providers.bge_embedding_provider - INFO - Generating embeddings for 1 texts...
2025-11-26 11:42:06,733 - app.Providers.bge_embedding_provider - INFO - ✅ Generated 1 embeddings (dim=1024)
2025-11-26 11:42:06,733 - app.Providers.bge_embedding_provider - INFO - Generating embeddings for 1 texts...
2025-11-26 11:42:07,223 - app.Providers.bge_embedding_provider - INFO - ✅ Generated 1 embeddings (dim=1024)
2025-11-26 11:42:07,223 - app.Providers.bge_embedding_provider - INFO - Generating embeddings for 1 texts...
2025-11-26 11:42:07,598 - app.Providers.bge_embedding_provider - INFO - ✅ Generated 1 embeddings (dim=1024)
2025-11-26 11:42:07,598 - app.Providers.bge_embedding_provider - INFO - Generating embeddings for 1 texts...
2025-11-26 11:42:08,207 - app.Providers.bge_embedding_provider - INFO - ✅ Generated 1 embeddings (dim=1024)
2025-11-26 11:42:08,207 - app.Providers.bge_embedding_provider - INFO - Generating embeddings for 1 texts...
2025-11-26 11:42:08,611 - app.Providers.bge_embedding_provider - INFO - ✅ Generated 1 embeddings (dim=1024)
2025-11-26 11:42:08,612 - app.Providers.bge_embedding_provider - INFO - Generating embeddings for 1 texts...
2025-11-26 11:42:09,257 - app.Providers.bge_embedding_provider - INFO - ✅ Generated 1 embeddings (dim=1024)
2025-11-26 11:42:09,257 - app.Providers.bge_embedding_provider - INFO - Generating embeddings for 1 texts...
2025-11-26 11:42:09,887 - app.Providers.bge_embedding_provider - INFO - ✅ Generated 1 embeddings (dim=1024)
2025-11-26 11:42:09,887 - app.Providers.bge_embedding_provider - INFO - Generating embeddings for 1 texts...
2025-11-26 11:42:10,606 - app.Providers.bge_embedding_provider - INFO - ✅ Generated 1 embeddings (dim=1024)
2025-11-26 11:42:10,606 - app.Providers.bge_embedding_provider - INFO - Generating embeddings for 1 texts...
2025-11-26 11:42:11,425 - app.Providers.bge_embedding_provider - INFO - ✅ Generated 1 embeddings (dim=1024)
2025-11-26 11:42:11,425 - app.Providers.bge_embedding_provider - INFO - Generating embeddings for 1 texts...
2025-11-26 11:42:12,139 - app.Providers.bge_embedding_provider - INFO - ✅ Generated 1 embeddings (dim=1024)
2025-11-26 11:42:12,139 - app.Providers.bge_embedding_provider - INFO - Generating embeddings for 1 texts...
2025-11-26 11:42:12,786 - app.Providers.bge_embedding_provider - INFO - ✅ Generated 1 embeddings (dim=1024)
2025-11-26 11:42:12,786 - app.Providers.bge_embedding_provider - INFO - Generating embeddings for 1 texts...
2025-11-26 11:42:13,280 - app.Providers.bge_embedding_provider - INFO - ✅ Generated 1 embeddings (dim=1024)
2025-11-26 11:42:13,280 - app.Providers.bge_embedding_provider - INFO - Generating embeddings for 1 texts...
2025-11-26 11:42:13,777 - app.Providers.bge_embedding_provider - INFO - ✅ Generated 1 embeddings (dim=1024)
2025-11-26 11:42:13,777 - app.Providers.bge_embedding_provider - INFO - Generating embeddings for 1 texts...
2025-11-26 11:42:14,380 - app.Providers.bge_embedding_provider - INFO - ✅ Generated 1 embeddings (dim=1024)
2025-11-26 11:42:14,380 - app.Providers.bge_embedding_provider - INFO - Generating embeddings for 1 texts...
2025-11-26 11:42:14,735 - app.Providers.bge_embedding_provider - INFO - ✅ Generated 1 embeddings (dim=1024)
2025-11-26 11:42:14,735 - app.Providers.bge_embedding_provider - INFO - Generating embeddings for 1 texts...
2025-11-26 11:42:15,249 - app.Providers.bge_embedding_provider - INFO - ✅ Generated 1 embeddings (dim=1024)
2025-11-26 11:42:15,249 - app.Providers.bge_embedding_provider - INFO - Generating embeddings for 1 texts...
2025-11-26 11:42:15,680 - app.Providers.bge_embedding_provider - INFO - ✅ Generated 1 embeddings (dim=1024)
2025-11-26 11:42:15,680 - app.Providers.bge_embedding_provider - INFO - Generating embeddings for 1 texts...
2025-11-26 11:42:16,077 - app.Providers.bge_embedding_provider - INFO - ✅ Generated 1 embeddings (dim=1024)
2025-11-26 11:42:16,078 - app.Providers.bge_embedding_provider - INFO - Generating embeddings for 1 texts...
2025-11-26 11:42:16,490 - app.Providers.bge_embedding_provider - INFO - ✅ Generated 1 embeddings (dim=1024)
2025-11-26 11:42:16,490 - app.Providers.bge_embedding_provider - INFO - Generating embeddings for 1 texts...
2025-11-26 11:42:17,104 - app.Providers.bge_embedding_provider - INFO - ✅ Generated 1 embeddings (dim=1024)
2025-11-26 11:42:17,104 - app.Providers.bge_embedding_provider - INFO - Generating embeddings for 1 texts...
2025-11-26 11:42:17,619 - app.Providers.bge_embedding_provider - INFO - ✅ Generated 1 embeddings (dim=1024)
2025-11-26 11:42:17,619 - app.Providers.bge_embedding_provider - INFO - Generating embeddings for 1 texts...
2025-11-26 11:42:18,167 - app.Providers.bge_embedding_provider - INFO - ✅ Generated 1 embeddings (dim=1024)
2025-11-26 11:42:18,167 - app.Providers.bge_embedding_provider - INFO - Generating embeddings for 1 texts...
2025-11-26 11:42:18,624 - app.Providers.bge_embedding_provider - INFO - ✅ Generated 1 embeddings (dim=1024)
2025-11-26 11:42:18,625 - app.Providers.bge_embedding_provider - INFO - Generating embeddings for 1 texts...
2025-11-26 11:42:19,118 - app.Providers.bge_embedding_provider - INFO - ✅ Generated 1 embeddings (dim=1024)
2025-11-26 11:42:19,119 - app.Providers.bge_embedding_provider - INFO - Generating embeddings for 1 texts...
2025-11-26 11:42:19,434 - app.Providers.bge_embedding_provider - INFO - ✅ Generated 1 embeddings (dim=1024)
2025-11-26 11:42:19,434 - app.Providers.bge_embedding_provider - INFO - Generating embeddings for 1 texts...
2025-11-26 11:42:19,910 - app.Providers.bge_embedding_provider - INFO - ✅ Generated 1 embeddings (dim=1024)
2025-11-26 11:42:19,910 - app.Providers.bge_embedding_provider - INFO - Generating embeddings for 1 texts...
2025-11-26 11:42:20,282 - app.Providers.bge_embedding_provider - INFO - ✅ Generated 1 embeddings (dim=1024)
2025-11-26 11:42:20,282 - app.Providers.bge_embedding_provider - INFO - Generating embeddings for 1 texts...
2025-11-26 11:42:20,750 - app.Providers.bge_embedding_provider - INFO - ✅ Generated 1 embeddings (dim=1024)
2025-11-26 11:42:20,750 - app.Providers.bge_embedding_provider - INFO - Generating embeddings for 1 texts...
2025-11-26 11:42:21,290 - app.Providers.bge_embedding_provider - INFO - ✅ Generated 1 embeddings (dim=1024)
2025-11-26 11:42:21,290 - app.Providers.bge_embedding_provider - INFO - Generating embeddings for 1 texts...
2025-11-26 11:42:21,682 - app.Providers.bge_embedding_provider - INFO - ✅ Generated 1 embeddings (dim=1024)
2025-11-26 11:42:21,682 - app.Providers.bge_embedding_provider - INFO - Generating embeddings for 1 texts...
2025-11-26 11:42:22,212 - app.Providers.bge_embedding_provider - INFO - ✅ Generated 1 embeddings (dim=1024)
2025-11-26 11:42:22,212 - app.Providers.bge_embedding_provider - INFO - Generating embeddings for 1 texts...
2025-11-26 11:42:22,566 - app.Providers.bge_embedding_provider - INFO - ✅ Generated 1 embeddings (dim=1024)
2025-11-26 11:42:22,566 - app.Providers.bge_embedding_provider - INFO - Generating embeddings for 1 texts...
2025-11-26 11:42:23,101 - app.Providers.bge_embedding_provider - INFO - ✅ Generated 1 embeddings (dim=1024)
2025-11-26 11:42:23,101 - app.Providers.bge_embedding_provider - INFO - Generating embeddings for 1 texts...
2025-11-26 11:42:23,546 - app.Providers.bge_embedding_provider - INFO - ✅ Generated 1 embeddings (dim=1024)
2025-11-26 11:42:23,546 - app.Providers.bge_embedding_provider - INFO - Generating embeddings for 1 texts...
2025-11-26 11:42:24,038 - app.Providers.bge_embedding_provider - INFO - ✅ Generated 1 embeddings (dim=1024)
2025-11-26 11:42:24,039 - app.Providers.bge_embedding_provider - INFO - Generating embeddings for 1 texts...
2025-11-26 11:42:24,527 - app.Providers.bge_embedding_provider - INFO - ✅ Generated 1 embeddings (dim=1024)
2025-11-26 11:42:24,527 - app.Providers.bge_embedding_provider - INFO - Generating embeddings for 1 texts...
2025-11-26 11:42:25,066 - app.Providers.bge_embedding_provider - INFO - ✅ Generated 1 embeddings (dim=1024)
2025-11-26 11:42:25,066 - app.Providers.bge_embedding_provider - INFO - Generating embeddings for 1 texts...
2025-11-26 11:42:25,546 - app.Providers.bge_embedding_provider - INFO - ✅ Generated 1 embeddings (dim=1024)
2025-11-26 11:42:25,546 - app.Providers.bge_embedding_provider - INFO - Generating embeddings for 1 texts...
2025-11-26 11:42:25,963 - app.Providers.bge_embedding_provider - INFO - ✅ Generated 1 embeddings (dim=1024)
2025-11-26 11:42:25,963 - app.Providers.bge_embedding_provider - INFO - Generating embeddings for 1 texts...
2025-11-26 11:42:26,507 - app.Providers.bge_embedding_provider - INFO - ✅ Generated 1 embeddings (dim=1024)
2025-11-26 11:42:26,507 - app.Providers.bge_embedding_provider - INFO - Generating embeddings for 1 texts...
2025-11-26 11:42:27,116 - app.Providers.bge_embedding_provider - INFO - ✅ Generated 1 embeddings (dim=1024)
2025-11-26 11:42:27,116 - app.Providers.bge_embedding_provider - INFO - Generating embeddings for 1 texts...
2025-11-26 11:42:27,576 - app.Providers.bge_embedding_provider - INFO - ✅ Generated 1 embeddings (dim=1024)
2025-11-26 11:42:27,576 - app.Providers.bge_embedding_provider - INFO - Generating embeddings for 1 texts...
2025-11-26 11:42:28,107 - app.Providers.bge_embedding_provider - INFO - ✅ Generated 1 embeddings (dim=1024)
2025-11-26 11:42:28,108 - app.Providers.bge_embedding_provider - INFO - Generating embeddings for 1 texts...
2025-11-26 11:42:28,686 - app.Providers.bge_embedding_provider - INFO - ✅ Generated 1 embeddings (dim=1024)
2025-11-26 11:42:28,686 - app.Providers.bge_embedding_provider - INFO - Generating embeddings for 1 texts...
2025-11-26 11:42:29,272 - app.Providers.bge_embedding_provider - INFO - ✅ Generated 1 embeddings (dim=1024)
2025-11-26 11:42:29,272 - app.Providers.bge_embedding_provider - INFO - Generating embeddings for 1 texts...
2025-11-26 11:42:29,673 - app.Providers.bge_embedding_provider - INFO - ✅ Generated 1 embeddings (dim=1024)
2025-11-26 11:42:29,673 - app.Providers.bge_embedding_provider - INFO - Generating embeddings for 1 texts...
2025-11-26 11:42:30,316 - app.Providers.bge_embedding_provider - INFO - ✅ Generated 1 embeddings (dim=1024)
2025-11-26 11:42:30,316 - app.Providers.bge_embedding_provider - INFO - Generating embeddings for 1 texts...
2025-11-26 11:42:30,957 - app.Providers.bge_embedding_provider - INFO - ✅ Generated 1 embeddings (dim=1024)
2025-11-26 11:42:30,958 - app.Providers.bge_embedding_provider - INFO - Generating embeddings for 1 texts...
2025-11-26 11:42:31,484 - app.Providers.bge_embedding_provider - INFO - ✅ Generated 1 embeddings (dim=1024)
2025-11-26 11:42:31,484 - app.Providers.bge_embedding_provider - INFO - Generating embeddings for 1 texts...
2025-11-26 11:42:31,602 - app.Providers.bge_embedding_provider - INFO - ✅ Generated 1 embeddings (dim=1024)
2025-11-26 11:42:31,602 - app.Providers.bge_embedding_provider - INFO - Generating embeddings for 1 texts...
2025-11-26 11:42:32,203 - app.Providers.bge_embedding_provider - INFO - ✅ Generated 1 embeddings (dim=1024)
2025-11-26 11:42:32,203 - app.Providers.bge_embedding_provider - INFO - Generating embeddings for 1 texts...
2025-11-26 11:42:32,689 - app.Providers.bge_embedding_provider - INFO - ✅ Generated 1 embeddings (dim=1024)
2025-11-26 11:42:32,689 - app.Providers.bge_embedding_provider - INFO - Generating embeddings for 1 texts...
2025-11-26 11:42:33,245 - app.Providers.bge_embedding_provider - INFO - ✅ Generated 1 embeddings (dim=1024)
2025-11-26 11:42:33,245 - app.Providers.bge_embedding_provider - INFO - Generating embeddings for 1 texts...
2025-11-26 11:42:33,759 - app.Providers.bge_embedding_provider - INFO - ✅ Generated 1 embeddings (dim=1024)
2025-11-26 11:42:33,759 - app.Providers.bge_embedding_provider - INFO - Generating embeddings for 1 texts...
2025-11-26 11:42:34,269 - app.Providers.bge_embedding_provider - INFO - ✅ Generated 1 embeddings (dim=1024)
2025-11-26 11:42:34,269 - app.Providers.bge_embedding_provider - INFO - Generating embeddings for 1 texts...
2025-11-26 11:42:34,783 - app.Providers.bge_embedding_provider - INFO - ✅ Generated 1 embeddings (dim=1024)
2025-11-26 11:42:34,783 - app.Providers.bge_embedding_provider - INFO - Generating embeddings for 1 texts...
2025-11-26 11:42:35,167 - app.Providers.bge_embedding_provider - INFO - ✅ Generated 1 embeddings (dim=1024)
2025-11-26 11:42:35,167 - app.Providers.bge_embedding_provider - INFO - Generating embeddings for 1 texts...
2025-11-26 11:42:35,647 - app.Providers.bge_embedding_provider - INFO - ✅ Generated 1 embeddings (dim=1024)
2025-11-26 11:42:35,647 - app.Providers.bge_embedding_provider - INFO - Generating embeddings for 1 texts...
2025-11-26 11:42:36,123 - app.Providers.bge_embedding_provider - INFO - ✅ Generated 1 embeddings (dim=1024)
2025-11-26 11:42:36,123 - app.Providers.bge_embedding_provider - INFO - Generating embeddings for 1 texts...
2025-11-26 11:42:36,606 - app.Providers.bge_embedding_provider - INFO - ✅ Generated 1 embeddings (dim=1024)
2025-11-26 11:42:36,606 - app.Providers.bge_embedding_provider - INFO - Generating embeddings for 1 texts...
2025-11-26 11:42:37,258 - app.Providers.bge_embedding_provider - INFO - ✅ Generated 1 embeddings (dim=1024)
2025-11-26 11:42:37,258 - app.Providers.bge_embedding_provider - INFO - Generating embeddings for 1 texts...
2025-11-26 11:42:37,682 - app.Providers.bge_embedding_provider - INFO - ✅ Generated 1 embeddings (dim=1024)
2025-11-26 11:42:37,682 - app.Providers.bge_embedding_provider - INFO - Generating embeddings for 1 texts...
2025-11-26 11:42:38,183 - app.Providers.bge_embedding_provider - INFO - ✅ Generated 1 embeddings (dim=1024)
2025-11-26 11:42:38,183 - app.Providers.bge_embedding_provider - INFO - Generating embeddings for 1 texts...
2025-11-26 11:42:38,650 - app.Providers.bge_embedding_provider - INFO - ✅ Generated 1 embeddings (dim=1024)
2025-11-26 11:42:38,650 - app.Providers.bge_embedding_provider - INFO - Generating embeddings for 1 texts...
2025-11-26 11:42:39,153 - app.Providers.bge_embedding_provider - INFO - ✅ Generated 1 embeddings (dim=1024)
2025-11-26 11:42:39,153 - app.Providers.bge_embedding_provider - INFO - Generating embeddings for 1 texts...
2025-11-26 11:42:39,705 - app.Providers.bge_embedding_provider - INFO - ✅ Generated 1 embeddings (dim=1024)
2025-11-26 11:42:39,705 - app.Providers.bge_embedding_provider - INFO - Generating embeddings for 1 texts...
2025-11-26 11:42:40,052 - app.Providers.bge_embedding_provider - INFO - ✅ Generated 1 embeddings (dim=1024)
2025-11-26 11:42:40,053 - app.Providers.bge_embedding_provider - INFO - Generating embeddings for 1 texts...
2025-11-26 11:42:40,460 - app.Providers.bge_embedding_provider - INFO - ✅ Generated 1 embeddings (dim=1024)
2025-11-26 11:42:40,460 - app.Providers.bge_embedding_provider - INFO - Generating embeddings for 1 texts...
2025-11-26 11:42:40,959 - app.Providers.bge_embedding_provider - INFO - ✅ Generated 1 embeddings (dim=1024)
2025-11-26 11:42:40,959 - app.Providers.bge_embedding_provider - INFO - Generating embeddings for 1 texts...
2025-11-26 11:42:41,278 - app.Providers.bge_embedding_provider - INFO - ✅ Generated 1 embeddings (dim=1024)
2025-11-26 11:42:41,278 - app.Providers.bge_embedding_provider - INFO - Generating embeddings for 1 texts...
2025-11-26 11:42:41,737 - app.Providers.bge_embedding_provider - INFO - ✅ Generated 1 embeddings (dim=1024)
2025-11-26 11:42:41,737 - app.Providers.bge_embedding_provider - INFO - Generating embeddings for 1 texts...
2025-11-26 11:42:42,398 - app.Providers.bge_embedding_provider - INFO - ✅ Generated 1 embeddings (dim=1024)
2025-11-26 11:42:42,398 - app.Providers.bge_embedding_provider - INFO - Generating embeddings for 1 texts...
2025-11-26 11:42:42,864 - app.Providers.bge_embedding_provider - INFO - ✅ Generated 1 embeddings (dim=1024)
2025-11-26 11:42:42,864 - app.Providers.bge_embedding_provider - INFO - Generating embeddings for 1 texts...
2025-11-26 11:42:43,080 - app.Providers.bge_embedding_provider - INFO - ✅ Generated 1 embeddings (dim=1024)
2025-11-26 11:42:43,080 - app.Providers.bge_embedding_provider - INFO - Generating embeddings for 1 texts...
2025-11-26 11:42:43,684 - app.Providers.bge_embedding_provider - INFO - ✅ Generated 1 embeddings (dim=1024)
2025-11-26 11:42:43,685 - app.Providers.bge_embedding_provider - INFO - Generating embeddings for 1 texts...
2025-11-26 11:42:44,159 - app.Providers.bge_embedding_provider - INFO - ✅ Generated 1 embeddings (dim=1024)
2025-11-26 11:42:44,159 - app.Providers.bge_embedding_provider - INFO - Generating embeddings for 1 texts...
2025-11-26 11:42:44,558 - app.Providers.bge_embedding_provider - INFO - ✅ Generated 1 embeddings (dim=1024)
2025-11-26 11:42:44,558 - app.Providers.bge_embedding_provider - INFO - Generating embeddings for 1 texts...
2025-11-26 11:42:45,078 - app.Providers.bge_embedding_provider - INFO - ✅ Generated 1 embeddings (dim=1024)
2025-11-26 11:42:45,078 - app.Providers.bge_embedding_provider - INFO - Generating embeddings for 1 texts...
2025-11-26 11:42:45,471 - app.Providers.bge_embedding_provider - INFO - ✅ Generated 1 embeddings (dim=1024)
2025-11-26 11:42:45,471 - app.Providers.bge_embedding_provider - INFO - Generating embeddings for 1 texts...
2025-11-26 11:42:46,055 - app.Providers.bge_embedding_provider - INFO - ✅ Generated 1 embeddings (dim=1024)
2025-11-26 11:42:46,055 - app.Providers.bge_embedding_provider - INFO - Generating embeddings for 1 texts...
2025-11-26 11:42:46,422 - app.Providers.bge_embedding_provider - INFO - ✅ Generated 1 embeddings (dim=1024)
2025-11-26 11:42:46,422 - app.Providers.bge_embedding_provider - INFO - Generating embeddings for 1 texts...
2025-11-26 11:42:46,766 - app.Providers.bge_embedding_provider - INFO - ✅ Generated 1 embeddings (dim=1024)
2025-11-26 11:42:46,766 - app.Providers.bge_embedding_provider - INFO - Generating embeddings for 1 texts...
2025-11-26 11:42:47,138 - app.Providers.bge_embedding_provider - INFO - ✅ Generated 1 embeddings (dim=1024)
2025-11-26 11:42:47,139 - app.Providers.bge_embedding_provider - INFO - Generating embeddings for 1 texts...
2025-11-26 11:42:47,751 - app.Providers.bge_embedding_provider - INFO - ✅ Generated 1 embeddings (dim=1024)
2025-11-26 11:42:47,751 - app.Providers.bge_embedding_provider - INFO - Generating embeddings for 1 texts...
2025-11-26 11:42:48,149 - app.Providers.bge_embedding_provider - INFO - ✅ Generated 1 embeddings (dim=1024)
2025-11-26 11:42:48,150 - app.Providers.bge_embedding_provider - INFO - Generating embeddings for 1 texts...
2025-11-26 11:42:48,812 - app.Providers.bge_embedding_provider - INFO - ✅ Generated 1 embeddings (dim=1024)
2025-11-26 11:42:48,812 - app.Providers.bge_embedding_provider - INFO - Generating embeddings for 1 texts...
2025-11-26 11:42:49,360 - app.Providers.bge_embedding_provider - INFO - ✅ Generated 1 embeddings (dim=1024)
2025-11-26 11:42:49,360 - app.Providers.bge_embedding_provider - INFO - Generating embeddings for 1 texts...
2025-11-26 11:42:49,805 - app.Providers.bge_embedding_provider - INFO - ✅ Generated 1 embeddings (dim=1024)
2025-11-26 11:42:49,805 - app.Providers.bge_embedding_provider - INFO - Generating embeddings for 1 texts...
2025-11-26 11:42:50,139 - app.Providers.bge_embedding_provider - INFO - ✅ Generated 1 embeddings (dim=1024)
2025-11-26 11:42:50,139 - app.Providers.bge_embedding_provider - INFO - Generating embeddings for 1 texts...
2025-11-26 11:42:50,596 - app.Providers.bge_embedding_provider - INFO - ✅ Generated 1 embeddings (dim=1024)
2025-11-26 11:42:50,596 - app.Providers.bge_embedding_provider - INFO - Generating embeddings for 1 texts...
2025-11-26 11:42:51,096 - app.Providers.bge_embedding_provider - INFO - ✅ Generated 1 embeddings (dim=1024)
2025-11-26 11:42:51,096 - app.Providers.bge_embedding_provider - INFO - Generating embeddings for 1 texts...
2025-11-26 11:42:51,526 - app.Providers.bge_embedding_provider - INFO - ✅ Generated 1 embeddings (dim=1024)
2025-11-26 11:42:51,526 - app.SkillServices.pdf_skill_ingestion_service - INFO - Processing PDF: 家事事件法.pdf
2025-11-26 11:42:52,119 - app.SkillServices.pdf_skill_ingestion_service - INFO -   Extracted 61 pages from 家事事件法.pdf
2025-11-26 11:42:52,119 - app.Providers.bge_embedding_provider - INFO - Generating embeddings for 1 texts...
2025-11-26 11:42:52,767 - app.Providers.bge_embedding_provider - INFO - ✅ Generated 1 embeddings (dim=1024)
2025-11-26 11:42:52,767 - app.Providers.bge_embedding_provider - INFO - Generating embeddings for 1 texts...
2025-11-26 11:42:53,048 - app.Providers.bge_embedding_provider - INFO - ✅ Generated 1 embeddings (dim=1024)
2025-11-26 11:42:53,048 - app.Providers.bge_embedding_provider - INFO - Generating embeddings for 1 texts...
2025-11-26 11:42:53,435 - app.Providers.bge_embedding_provider - INFO - ✅ Generated 1 embeddings (dim=1024)
2025-11-26 11:42:53,435 - app.Providers.bge_embedding_provider - INFO - Generating embeddings for 1 texts...
2025-11-26 11:42:53,825 - app.Providers.bge_embedding_provider - INFO - ✅ Generated 1 embeddings (dim=1024)
2025-11-26 11:42:53,826 - app.Providers.bge_embedding_provider - INFO - Generating embeddings for 1 texts...
2025-11-26 11:42:54,393 - app.Providers.bge_embedding_provider - INFO - ✅ Generated 1 embeddings (dim=1024)
2025-11-26 11:42:54,394 - app.Providers.bge_embedding_provider - INFO - Generating embeddings for 1 texts...
2025-11-26 11:42:55,015 - app.Providers.bge_embedding_provider - INFO - ✅ Generated 1 embeddings (dim=1024)
2025-11-26 11:42:55,015 - app.Providers.bge_embedding_provider - INFO - Generating embeddings for 1 texts...
2025-11-26 11:42:55,574 - app.Providers.bge_embedding_provider - INFO - ✅ Generated 1 embeddings (dim=1024)
2025-11-26 11:42:55,574 - app.Providers.bge_embedding_provider - INFO - Generating embeddings for 1 texts...
2025-11-26 11:42:56,055 - app.Providers.bge_embedding_provider - INFO - ✅ Generated 1 embeddings (dim=1024)
2025-11-26 11:42:56,055 - app.Providers.bge_embedding_provider - INFO - Generating embeddings for 1 texts...
2025-11-26 11:42:56,531 - app.Providers.bge_embedding_provider - INFO - ✅ Generated 1 embeddings (dim=1024)
2025-11-26 11:42:56,531 - app.Providers.bge_embedding_provider - INFO - Generating embeddings for 1 texts...
2025-11-26 11:42:56,944 - app.Providers.bge_embedding_provider - INFO - ✅ Generated 1 embeddings (dim=1024)
2025-11-26 11:42:56,944 - app.Providers.bge_embedding_provider - INFO - Generating embeddings for 1 texts...
2025-11-26 11:42:57,446 - app.Providers.bge_embedding_provider - INFO - ✅ Generated 1 embeddings (dim=1024)
2025-11-26 11:42:57,446 - app.Providers.bge_embedding_provider - INFO - Generating embeddings for 1 texts...
2025-11-26 11:42:58,174 - app.Providers.bge_embedding_provider - INFO - ✅ Generated 1 embeddings (dim=1024)
2025-11-26 11:42:58,174 - app.Providers.bge_embedding_provider - INFO - Generating embeddings for 1 texts...
2025-11-26 11:42:58,656 - app.Providers.bge_embedding_provider - INFO - ✅ Generated 1 embeddings (dim=1024)
2025-11-26 11:42:58,656 - app.Providers.bge_embedding_provider - INFO - Generating embeddings for 1 texts...
2025-11-26 11:42:58,987 - app.Providers.bge_embedding_provider - INFO - ✅ Generated 1 embeddings (dim=1024)
2025-11-26 11:42:58,988 - app.Providers.bge_embedding_provider - INFO - Generating embeddings for 1 texts...
2025-11-26 11:42:59,608 - app.Providers.bge_embedding_provider - INFO - ✅ Generated 1 embeddings (dim=1024)
2025-11-26 11:42:59,608 - app.Providers.bge_embedding_provider - INFO - Generating embeddings for 1 texts...
2025-11-26 11:43:00,247 - app.Providers.bge_embedding_provider - INFO - ✅ Generated 1 embeddings (dim=1024)
2025-11-26 11:43:00,247 - app.Providers.bge_embedding_provider - INFO - Generating embeddings for 1 texts...
2025-11-26 11:43:00,854 - app.Providers.bge_embedding_provider - INFO - ✅ Generated 1 embeddings (dim=1024)
2025-11-26 11:43:00,854 - app.Providers.bge_embedding_provider - INFO - Generating embeddings for 1 texts...
2025-11-26 11:43:01,427 - app.Providers.bge_embedding_provider - INFO - ✅ Generated 1 embeddings (dim=1024)
2025-11-26 11:43:01,427 - app.Providers.bge_embedding_provider - INFO - Generating embeddings for 1 texts...
2025-11-26 11:43:01,871 - app.Providers.bge_embedding_provider - INFO - ✅ Generated 1 embeddings (dim=1024)
2025-11-26 11:43:01,871 - app.Providers.bge_embedding_provider - INFO - Generating embeddings for 1 texts...
2025-11-26 11:43:02,434 - app.Providers.bge_embedding_provider - INFO - ✅ Generated 1 embeddings (dim=1024)
2025-11-26 11:43:02,434 - app.Providers.bge_embedding_provider - INFO - Generating embeddings for 1 texts...
2025-11-26 11:43:02,899 - app.Providers.bge_embedding_provider - INFO - ✅ Generated 1 embeddings (dim=1024)
2025-11-26 11:43:02,899 - app.Providers.bge_embedding_provider - INFO - Generating embeddings for 1 texts...
2025-11-26 11:43:03,470 - app.Providers.bge_embedding_provider - INFO - ✅ Generated 1 embeddings (dim=1024)
2025-11-26 11:43:03,470 - app.Providers.bge_embedding_provider - INFO - Generating embeddings for 1 texts...
2025-11-26 11:43:03,981 - app.Providers.bge_embedding_provider - INFO - ✅ Generated 1 embeddings (dim=1024)
2025-11-26 11:43:03,981 - app.Providers.bge_embedding_provider - INFO - Generating embeddings for 1 texts...
2025-11-26 11:43:04,116 - app.Providers.bge_embedding_provider - INFO - ✅ Generated 1 embeddings (dim=1024)
2025-11-26 11:43:04,116 - app.Providers.bge_embedding_provider - INFO - Generating embeddings for 1 texts...
2025-11-26 11:43:04,492 - app.Providers.bge_embedding_provider - INFO - ✅ Generated 1 embeddings (dim=1024)
2025-11-26 11:43:04,493 - app.Providers.bge_embedding_provider - INFO - Generating embeddings for 1 texts...
2025-11-26 11:43:05,075 - app.Providers.bge_embedding_provider - INFO - ✅ Generated 1 embeddings (dim=1024)
2025-11-26 11:43:05,075 - app.Providers.bge_embedding_provider - INFO - Generating embeddings for 1 texts...
2025-11-26 11:43:05,450 - app.Providers.bge_embedding_provider - INFO - ✅ Generated 1 embeddings (dim=1024)
2025-11-26 11:43:05,450 - app.Providers.bge_embedding_provider - INFO - Generating embeddings for 1 texts...
2025-11-26 11:43:06,112 - app.Providers.bge_embedding_provider - INFO - ✅ Generated 1 embeddings (dim=1024)
2025-11-26 11:43:06,112 - app.Providers.bge_embedding_provider - INFO - Generating embeddings for 1 texts...
2025-11-26 11:43:06,626 - app.Providers.bge_embedding_provider - INFO - ✅ Generated 1 embeddings (dim=1024)
2025-11-26 11:43:06,626 - app.Providers.bge_embedding_provider - INFO - Generating embeddings for 1 texts...
2025-11-26 11:43:07,239 - app.Providers.bge_embedding_provider - INFO - ✅ Generated 1 embeddings (dim=1024)
2025-11-26 11:43:07,239 - app.Providers.bge_embedding_provider - INFO - Generating embeddings for 1 texts...
2025-11-26 11:43:07,741 - app.Providers.bge_embedding_provider - INFO - ✅ Generated 1 embeddings (dim=1024)
2025-11-26 11:43:07,741 - app.Providers.bge_embedding_provider - INFO - Generating embeddings for 1 texts...
2025-11-26 11:43:08,442 - app.Providers.bge_embedding_provider - INFO - ✅ Generated 1 embeddings (dim=1024)
2025-11-26 11:43:08,442 - app.Providers.bge_embedding_provider - INFO - Generating embeddings for 1 texts...
2025-11-26 11:43:08,718 - app.Providers.bge_embedding_provider - INFO - ✅ Generated 1 embeddings (dim=1024)
2025-11-26 11:43:08,718 - app.Providers.bge_embedding_provider - INFO - Generating embeddings for 1 texts...
2025-11-26 11:43:09,106 - app.Providers.bge_embedding_provider - INFO - ✅ Generated 1 embeddings (dim=1024)
2025-11-26 11:43:09,106 - app.Providers.bge_embedding_provider - INFO - Generating embeddings for 1 texts...
2025-11-26 11:43:09,632 - app.Providers.bge_embedding_provider - INFO - ✅ Generated 1 embeddings (dim=1024)
2025-11-26 11:43:09,633 - app.Providers.bge_embedding_provider - INFO - Generating embeddings for 1 texts...
2025-11-26 11:43:10,113 - app.Providers.bge_embedding_provider - INFO - ✅ Generated 1 embeddings (dim=1024)
2025-11-26 11:43:10,113 - app.Providers.bge_embedding_provider - INFO - Generating embeddings for 1 texts...
2025-11-26 11:43:10,696 - app.Providers.bge_embedding_provider - INFO - ✅ Generated 1 embeddings (dim=1024)
2025-11-26 11:43:10,696 - app.Providers.bge_embedding_provider - INFO - Generating embeddings for 1 texts...
2025-11-26 11:43:11,031 - app.Providers.bge_embedding_provider - INFO - ✅ Generated 1 embeddings (dim=1024)
2025-11-26 11:43:11,031 - app.Providers.bge_embedding_provider - INFO - Generating embeddings for 1 texts...
2025-11-26 11:43:11,552 - app.Providers.bge_embedding_provider - INFO - ✅ Generated 1 embeddings (dim=1024)
2025-11-26 11:43:11,552 - app.Providers.bge_embedding_provider - INFO - Generating embeddings for 1 texts...
2025-11-26 11:43:12,108 - app.Providers.bge_embedding_provider - INFO - ✅ Generated 1 embeddings (dim=1024)
2025-11-26 11:43:12,108 - app.Providers.bge_embedding_provider - INFO - Generating embeddings for 1 texts...
2025-11-26 11:43:12,832 - app.Providers.bge_embedding_provider - INFO - ✅ Generated 1 embeddings (dim=1024)
2025-11-26 11:43:12,832 - app.Providers.bge_embedding_provider - INFO - Generating embeddings for 1 texts...
2025-11-26 11:43:13,485 - app.Providers.bge_embedding_provider - INFO - ✅ Generated 1 embeddings (dim=1024)
2025-11-26 11:43:13,485 - app.Providers.bge_embedding_provider - INFO - Generating embeddings for 1 texts...
2025-11-26 11:43:13,826 - app.Providers.bge_embedding_provider - INFO - ✅ Generated 1 embeddings (dim=1024)
2025-11-26 11:43:13,826 - app.Providers.bge_embedding_provider - INFO - Generating embeddings for 1 texts...
2025-11-26 11:43:14,303 - app.Providers.bge_embedding_provider - INFO - ✅ Generated 1 embeddings (dim=1024)
2025-11-26 11:43:14,303 - app.Providers.bge_embedding_provider - INFO - Generating embeddings for 1 texts...
2025-11-26 11:43:14,707 - app.Providers.bge_embedding_provider - INFO - ✅ Generated 1 embeddings (dim=1024)
2025-11-26 11:43:14,707 - app.Providers.bge_embedding_provider - INFO - Generating embeddings for 1 texts...
2025-11-26 11:43:15,141 - app.Providers.bge_embedding_provider - INFO - ✅ Generated 1 embeddings (dim=1024)
2025-11-26 11:43:15,142 - app.Providers.bge_embedding_provider - INFO - Generating embeddings for 1 texts...
2025-11-26 11:43:15,564 - app.Providers.bge_embedding_provider - INFO - ✅ Generated 1 embeddings (dim=1024)
2025-11-26 11:43:15,564 - app.Providers.bge_embedding_provider - INFO - Generating embeddings for 1 texts...
2025-11-26 11:43:15,962 - app.Providers.bge_embedding_provider - INFO - ✅ Generated 1 embeddings (dim=1024)
2025-11-26 11:43:15,962 - app.Providers.bge_embedding_provider - INFO - Generating embeddings for 1 texts...
2025-11-26 11:43:16,402 - app.Providers.bge_embedding_provider - INFO - ✅ Generated 1 embeddings (dim=1024)
2025-11-26 11:43:16,402 - app.Providers.bge_embedding_provider - INFO - Generating embeddings for 1 texts...
2025-11-26 11:43:16,618 - app.Providers.bge_embedding_provider - INFO - ✅ Generated 1 embeddings (dim=1024)
2025-11-26 11:43:16,618 - app.Providers.bge_embedding_provider - INFO - Generating embeddings for 1 texts...
2025-11-26 11:43:17,009 - app.Providers.bge_embedding_provider - INFO - ✅ Generated 1 embeddings (dim=1024)
2025-11-26 11:43:17,009 - app.Providers.bge_embedding_provider - INFO - Generating embeddings for 1 texts...
2025-11-26 11:43:17,636 - app.Providers.bge_embedding_provider - INFO - ✅ Generated 1 embeddings (dim=1024)
2025-11-26 11:43:17,636 - app.Providers.bge_embedding_provider - INFO - Generating embeddings for 1 texts...
2025-11-26 11:43:18,058 - app.Providers.bge_embedding_provider - INFO - ✅ Generated 1 embeddings (dim=1024)
2025-11-26 11:43:18,058 - app.Providers.bge_embedding_provider - INFO - Generating embeddings for 1 texts...
2025-11-26 11:43:18,535 - app.Providers.bge_embedding_provider - INFO - ✅ Generated 1 embeddings (dim=1024)
2025-11-26 11:43:18,535 - app.Providers.bge_embedding_provider - INFO - Generating embeddings for 1 texts...
2025-11-26 11:43:18,939 - app.Providers.bge_embedding_provider - INFO - ✅ Generated 1 embeddings (dim=1024)
2025-11-26 11:43:18,939 - app.Providers.bge_embedding_provider - INFO - Generating embeddings for 1 texts...
2025-11-26 11:43:19,463 - app.Providers.bge_embedding_provider - INFO - ✅ Generated 1 embeddings (dim=1024)
2025-11-26 11:43:19,463 - app.Providers.bge_embedding_provider - INFO - Generating embeddings for 1 texts...
2025-11-26 11:43:19,924 - app.Providers.bge_embedding_provider - INFO - ✅ Generated 1 embeddings (dim=1024)
2025-11-26 11:43:19,924 - app.Providers.bge_embedding_provider - INFO - Generating embeddings for 1 texts...
2025-11-26 11:43:20,346 - app.Providers.bge_embedding_provider - INFO - ✅ Generated 1 embeddings (dim=1024)
2025-11-26 11:43:20,346 - app.Providers.bge_embedding_provider - INFO - Generating embeddings for 1 texts...
2025-11-26 11:43:20,949 - app.Providers.bge_embedding_provider - INFO - ✅ Generated 1 embeddings (dim=1024)
2025-11-26 11:43:20,949 - app.Providers.bge_embedding_provider - INFO - Generating embeddings for 1 texts...
2025-11-26 11:43:21,351 - app.Providers.bge_embedding_provider - INFO - ✅ Generated 1 embeddings (dim=1024)
2025-11-26 11:43:21,351 - app.Providers.bge_embedding_provider - INFO - Generating embeddings for 1 texts...
2025-11-26 11:43:21,865 - app.Providers.bge_embedding_provider - INFO - ✅ Generated 1 embeddings (dim=1024)
2025-11-26 11:43:21,865 - app.SkillServices.pdf_skill_ingestion_service - INFO - Processing PDF: 民法.pdf
2025-11-26 11:43:24,512 - app.SkillServices.pdf_skill_ingestion_service - INFO -   Extracted 260 pages from 民法.pdf
2025-11-26 11:43:24,512 - app.Providers.bge_embedding_provider - INFO - Generating embeddings for 1 texts...
2025-11-26 11:43:25,088 - app.Providers.bge_embedding_provider - INFO - ✅ Generated 1 embeddings (dim=1024)
2025-11-26 11:43:25,088 - app.Providers.bge_embedding_provider - INFO - Generating embeddings for 1 texts...
2025-11-26 11:43:25,731 - app.Providers.bge_embedding_provider - INFO - ✅ Generated 1 embeddings (dim=1024)
2025-11-26 11:43:25,731 - app.Providers.bge_embedding_provider - INFO - Generating embeddings for 1 texts...
2025-11-26 11:43:26,301 - app.Providers.bge_embedding_provider - INFO - ✅ Generated 1 embeddings (dim=1024)
2025-11-26 11:43:26,302 - app.Providers.bge_embedding_provider - INFO - Generating embeddings for 1 texts...
2025-11-26 11:43:26,635 - app.Providers.bge_embedding_provider - INFO - ✅ Generated 1 embeddings (dim=1024)
2025-11-26 11:43:26,636 - app.Providers.bge_embedding_provider - INFO - Generating embeddings for 1 texts...
2025-11-26 11:43:27,075 - app.Providers.bge_embedding_provider - INFO - ✅ Generated 1 embeddings (dim=1024)
2025-11-26 11:43:27,075 - app.Providers.bge_embedding_provider - INFO - Generating embeddings for 1 texts...
2025-11-26 11:43:27,617 - app.Providers.bge_embedding_provider - INFO - ✅ Generated 1 embeddings (dim=1024)
2025-11-26 11:43:27,617 - app.Providers.bge_embedding_provider - INFO - Generating embeddings for 1 texts...
2025-11-26 11:43:28,113 - app.Providers.bge_embedding_provider - INFO - ✅ Generated 1 embeddings (dim=1024)
2025-11-26 11:43:28,113 - app.Providers.bge_embedding_provider - INFO - Generating embeddings for 1 texts...
2025-11-26 11:43:28,413 - app.Providers.bge_embedding_provider - INFO - ✅ Generated 1 embeddings (dim=1024)
2025-11-26 11:43:28,413 - app.Providers.bge_embedding_provider - INFO - Generating embeddings for 1 texts...
2025-11-26 11:43:28,813 - app.Providers.bge_embedding_provider - INFO - ✅ Generated 1 embeddings (dim=1024)
2025-11-26 11:43:28,813 - app.Providers.bge_embedding_provider - INFO - Generating embeddings for 1 texts...
2025-11-26 11:43:29,223 - app.Providers.bge_embedding_provider - INFO - ✅ Generated 1 embeddings (dim=1024)
2025-11-26 11:43:29,223 - app.Providers.bge_embedding_provider - INFO - Generating embeddings for 1 texts...
2025-11-26 11:43:29,626 - app.Providers.bge_embedding_provider - INFO - ✅ Generated 1 embeddings (dim=1024)
2025-11-26 11:43:29,626 - app.Providers.bge_embedding_provider - INFO - Generating embeddings for 1 texts...
2025-11-26 11:43:29,913 - app.Providers.bge_embedding_provider - INFO - ✅ Generated 1 embeddings (dim=1024)
2025-11-26 11:43:29,914 - app.Providers.bge_embedding_provider - INFO - Generating embeddings for 1 texts...
2025-11-26 11:43:30,262 - app.Providers.bge_embedding_provider - INFO - ✅ Generated 1 embeddings (dim=1024)
2025-11-26 11:43:30,262 - app.Providers.bge_embedding_provider - INFO - Generating embeddings for 1 texts...
2025-11-26 11:43:30,695 - app.Providers.bge_embedding_provider - INFO - ✅ Generated 1 embeddings (dim=1024)
2025-11-26 11:43:30,696 - app.Providers.bge_embedding_provider - INFO - Generating embeddings for 1 texts...
2025-11-26 11:43:31,100 - app.Providers.bge_embedding_provider - INFO - ✅ Generated 1 embeddings (dim=1024)
2025-11-26 11:43:31,100 - app.Providers.bge_embedding_provider - INFO - Generating embeddings for 1 texts...
2025-11-26 11:43:31,530 - app.Providers.bge_embedding_provider - INFO - ✅ Generated 1 embeddings (dim=1024)
2025-11-26 11:43:31,530 - app.Providers.bge_embedding_provider - INFO - Generating embeddings for 1 texts...
2025-11-26 11:43:31,838 - app.Providers.bge_embedding_provider - INFO - ✅ Generated 1 embeddings (dim=1024)
2025-11-26 11:43:31,839 - app.Providers.bge_embedding_provider - INFO - Generating embeddings for 1 texts...
2025-11-26 11:43:32,174 - app.Providers.bge_embedding_provider - INFO - ✅ Generated 1 embeddings (dim=1024)
2025-11-26 11:43:32,174 - app.Providers.bge_embedding_provider - INFO - Generating embeddings for 1 texts...
2025-11-26 11:43:32,594 - app.Providers.bge_embedding_provider - INFO - ✅ Generated 1 embeddings (dim=1024)
2025-11-26 11:43:32,594 - app.Providers.bge_embedding_provider - INFO - Generating embeddings for 1 texts...
2025-11-26 11:43:33,023 - app.Providers.bge_embedding_provider - INFO - ✅ Generated 1 embeddings (dim=1024)
2025-11-26 11:43:33,023 - app.Providers.bge_embedding_provider - INFO - Generating embeddings for 1 texts...
2025-11-26 11:43:33,499 - app.Providers.bge_embedding_provider - INFO - ✅ Generated 1 embeddings (dim=1024)
2025-11-26 11:43:33,499 - app.Providers.bge_embedding_provider - INFO - Generating embeddings for 1 texts...
2025-11-26 11:43:33,854 - app.Providers.bge_embedding_provider - INFO - ✅ Generated 1 embeddings (dim=1024)
2025-11-26 11:43:33,854 - app.Providers.bge_embedding_provider - INFO - Generating embeddings for 1 texts...
2025-11-26 11:43:34,347 - app.Providers.bge_embedding_provider - INFO - ✅ Generated 1 embeddings (dim=1024)
2025-11-26 11:43:34,347 - app.Providers.bge_embedding_provider - INFO - Generating embeddings for 1 texts...
2025-11-26 11:43:34,723 - app.Providers.bge_embedding_provider - INFO - ✅ Generated 1 embeddings (dim=1024)
2025-11-26 11:43:34,723 - app.Providers.bge_embedding_provider - INFO - Generating embeddings for 1 texts...
2025-11-26 11:43:35,179 - app.Providers.bge_embedding_provider - INFO - ✅ Generated 1 embeddings (dim=1024)
2025-11-26 11:43:35,180 - app.Providers.bge_embedding_provider - INFO - Generating embeddings for 1 texts...
2025-11-26 11:43:35,434 - app.Providers.bge_embedding_provider - INFO - ✅ Generated 1 embeddings (dim=1024)
2025-11-26 11:43:35,434 - app.Providers.bge_embedding_provider - INFO - Generating embeddings for 1 texts...
2025-11-26 11:43:35,822 - app.Providers.bge_embedding_provider - INFO - ✅ Generated 1 embeddings (dim=1024)
2025-11-26 11:43:35,822 - app.Providers.bge_embedding_provider - INFO - Generating embeddings for 1 texts...
2025-11-26 11:43:36,250 - app.Providers.bge_embedding_provider - INFO - ✅ Generated 1 embeddings (dim=1024)
2025-11-26 11:43:36,250 - app.Providers.bge_embedding_provider - INFO - Generating embeddings for 1 texts...
2025-11-26 11:43:36,706 - app.Providers.bge_embedding_provider - INFO - ✅ Generated 1 embeddings (dim=1024)
2025-11-26 11:43:36,707 - app.Providers.bge_embedding_provider - INFO - Generating embeddings for 1 texts...
2025-11-26 11:43:37,094 - app.Providers.bge_embedding_provider - INFO - ✅ Generated 1 embeddings (dim=1024)
2025-11-26 11:43:37,094 - app.Providers.bge_embedding_provider - INFO - Generating embeddings for 1 texts...
2025-11-26 11:43:37,497 - app.Providers.bge_embedding_provider - INFO - ✅ Generated 1 embeddings (dim=1024)
2025-11-26 11:43:37,497 - app.Providers.bge_embedding_provider - INFO - Generating embeddings for 1 texts...
2025-11-26 11:43:37,911 - app.Providers.bge_embedding_provider - INFO - ✅ Generated 1 embeddings (dim=1024)
2025-11-26 11:43:37,911 - app.Providers.bge_embedding_provider - INFO - Generating embeddings for 1 texts...
2025-11-26 11:43:38,468 - app.Providers.bge_embedding_provider - INFO - ✅ Generated 1 embeddings (dim=1024)
2025-11-26 11:43:38,468 - app.Providers.bge_embedding_provider - INFO - Generating embeddings for 1 texts...
2025-11-26 11:43:38,891 - app.Providers.bge_embedding_provider - INFO - ✅ Generated 1 embeddings (dim=1024)
2025-11-26 11:43:38,892 - app.Providers.bge_embedding_provider - INFO - Generating embeddings for 1 texts...
2025-11-26 11:43:39,314 - app.Providers.bge_embedding_provider - INFO - ✅ Generated 1 embeddings (dim=1024)
2025-11-26 11:43:39,314 - app.Providers.bge_embedding_provider - INFO - Generating embeddings for 1 texts...
2025-11-26 11:43:39,843 - app.Providers.bge_embedding_provider - INFO - ✅ Generated 1 embeddings (dim=1024)
2025-11-26 11:43:39,843 - app.Providers.bge_embedding_provider - INFO - Generating embeddings for 1 texts...
2025-11-26 11:43:40,354 - app.Providers.bge_embedding_provider - INFO - ✅ Generated 1 embeddings (dim=1024)
2025-11-26 11:43:40,355 - app.Providers.bge_embedding_provider - INFO - Generating embeddings for 1 texts...
2025-11-26 11:43:40,955 - app.Providers.bge_embedding_provider - INFO - ✅ Generated 1 embeddings (dim=1024)
2025-11-26 11:43:40,955 - app.Providers.bge_embedding_provider - INFO - Generating embeddings for 1 texts...
2025-11-26 11:43:41,551 - app.Providers.bge_embedding_provider - INFO - ✅ Generated 1 embeddings (dim=1024)
2025-11-26 11:43:41,551 - app.Providers.bge_embedding_provider - INFO - Generating embeddings for 1 texts...
2025-11-26 11:43:42,097 - app.Providers.bge_embedding_provider - INFO - ✅ Generated 1 embeddings (dim=1024)
2025-11-26 11:43:42,097 - app.Providers.bge_embedding_provider - INFO - Generating embeddings for 1 texts...
2025-11-26 11:43:42,507 - app.Providers.bge_embedding_provider - INFO - ✅ Generated 1 embeddings (dim=1024)
2025-11-26 11:43:42,507 - app.Providers.bge_embedding_provider - INFO - Generating embeddings for 1 texts...
2025-11-26 11:43:42,945 - app.Providers.bge_embedding_provider - INFO - ✅ Generated 1 embeddings (dim=1024)
2025-11-26 11:43:42,945 - app.Providers.bge_embedding_provider - INFO - Generating embeddings for 1 texts...
2025-11-26 11:43:43,022 - app.Providers.bge_embedding_provider - INFO - ✅ Generated 1 embeddings (dim=1024)
2025-11-26 11:43:43,022 - app.Providers.bge_embedding_provider - INFO - Generating embeddings for 1 texts...
2025-11-26 11:43:43,510 - app.Providers.bge_embedding_provider - INFO - ✅ Generated 1 embeddings (dim=1024)
2025-11-26 11:43:43,510 - app.Providers.bge_embedding_provider - INFO - Generating embeddings for 1 texts...
2025-11-26 11:43:43,915 - app.Providers.bge_embedding_provider - INFO - ✅ Generated 1 embeddings (dim=1024)
2025-11-26 11:43:43,915 - app.Providers.bge_embedding_provider - INFO - Generating embeddings for 1 texts...
2025-11-26 11:43:44,333 - app.Providers.bge_embedding_provider - INFO - ✅ Generated 1 embeddings (dim=1024)
2025-11-26 11:43:44,333 - app.Providers.bge_embedding_provider - INFO - Generating embeddings for 1 texts...
2025-11-26 11:43:44,788 - app.Providers.bge_embedding_provider - INFO - ✅ Generated 1 embeddings (dim=1024)
2025-11-26 11:43:44,788 - app.Providers.bge_embedding_provider - INFO - Generating embeddings for 1 texts...
2025-11-26 11:43:45,286 - app.Providers.bge_embedding_provider - INFO - ✅ Generated 1 embeddings (dim=1024)
2025-11-26 11:43:45,286 - app.Providers.bge_embedding_provider - INFO - Generating embeddings for 1 texts...
2025-11-26 11:43:45,614 - app.Providers.bge_embedding_provider - INFO - ✅ Generated 1 embeddings (dim=1024)
2025-11-26 11:43:45,614 - app.Providers.bge_embedding_provider - INFO - Generating embeddings for 1 texts...
2025-11-26 11:43:46,194 - app.Providers.bge_embedding_provider - INFO - ✅ Generated 1 embeddings (dim=1024)
2025-11-26 11:43:46,194 - app.Providers.bge_embedding_provider - INFO - Generating embeddings for 1 texts...
2025-11-26 11:43:46,665 - app.Providers.bge_embedding_provider - INFO - ✅ Generated 1 embeddings (dim=1024)
2025-11-26 11:43:46,665 - app.Providers.bge_embedding_provider - INFO - Generating embeddings for 1 texts...
2025-11-26 11:43:47,146 - app.Providers.bge_embedding_provider - INFO - ✅ Generated 1 embeddings (dim=1024)
2025-11-26 11:43:47,147 - app.Providers.bge_embedding_provider - INFO - Generating embeddings for 1 texts...
2025-11-26 11:43:47,647 - app.Providers.bge_embedding_provider - INFO - ✅ Generated 1 embeddings (dim=1024)
2025-11-26 11:43:47,647 - app.Providers.bge_embedding_provider - INFO - Generating embeddings for 1 texts...
2025-11-26 11:43:48,199 - app.Providers.bge_embedding_provider - INFO - ✅ Generated 1 embeddings (dim=1024)
2025-11-26 11:43:48,199 - app.Providers.bge_embedding_provider - INFO - Generating embeddings for 1 texts...
2025-11-26 11:43:48,585 - app.Providers.bge_embedding_provider - INFO - ✅ Generated 1 embeddings (dim=1024)
2025-11-26 11:43:48,585 - app.Providers.bge_embedding_provider - INFO - Generating embeddings for 1 texts...
2025-11-26 11:43:49,030 - app.Providers.bge_embedding_provider - INFO - ✅ Generated 1 embeddings (dim=1024)
2025-11-26 11:43:49,031 - app.Providers.bge_embedding_provider - INFO - Generating embeddings for 1 texts...
2025-11-26 11:43:49,548 - app.Providers.bge_embedding_provider - INFO - ✅ Generated 1 embeddings (dim=1024)
2025-11-26 11:43:49,548 - app.Providers.bge_embedding_provider - INFO - Generating embeddings for 1 texts...
2025-11-26 11:43:49,972 - app.Providers.bge_embedding_provider - INFO - ✅ Generated 1 embeddings (dim=1024)
2025-11-26 11:43:49,972 - app.Providers.bge_embedding_provider - INFO - Generating embeddings for 1 texts...
2025-11-26 11:43:50,459 - app.Providers.bge_embedding_provider - INFO - ✅ Generated 1 embeddings (dim=1024)
2025-11-26 11:43:50,460 - app.Providers.bge_embedding_provider - INFO - Generating embeddings for 1 texts...
2025-11-26 11:43:50,905 - app.Providers.bge_embedding_provider - INFO - ✅ Generated 1 embeddings (dim=1024)
2025-11-26 11:43:50,905 - app.Providers.bge_embedding_provider - INFO - Generating embeddings for 1 texts...
2025-11-26 11:43:51,348 - app.Providers.bge_embedding_provider - INFO - ✅ Generated 1 embeddings (dim=1024)
2025-11-26 11:43:51,348 - app.Providers.bge_embedding_provider - INFO - Generating embeddings for 1 texts...
2025-11-26 11:43:51,839 - app.Providers.bge_embedding_provider - INFO - ✅ Generated 1 embeddings (dim=1024)
2025-11-26 11:43:51,839 - app.Providers.bge_embedding_provider - INFO - Generating embeddings for 1 texts...
2025-11-26 11:43:52,358 - app.Providers.bge_embedding_provider - INFO - ✅ Generated 1 embeddings (dim=1024)
2025-11-26 11:43:52,358 - app.Providers.bge_embedding_provider - INFO - Generating embeddings for 1 texts...
2025-11-26 11:43:52,775 - app.Providers.bge_embedding_provider - INFO - ✅ Generated 1 embeddings (dim=1024)
2025-11-26 11:43:52,775 - app.Providers.bge_embedding_provider - INFO - Generating embeddings for 1 texts...
2025-11-26 11:43:53,223 - app.Providers.bge_embedding_provider - INFO - ✅ Generated 1 embeddings (dim=1024)
2025-11-26 11:43:53,223 - app.Providers.bge_embedding_provider - INFO - Generating embeddings for 1 texts...
2025-11-26 11:43:53,526 - app.Providers.bge_embedding_provider - INFO - ✅ Generated 1 embeddings (dim=1024)
2025-11-26 11:43:53,526 - app.Providers.bge_embedding_provider - INFO - Generating embeddings for 1 texts...
2025-11-26 11:43:53,902 - app.Providers.bge_embedding_provider - INFO - ✅ Generated 1 embeddings (dim=1024)
2025-11-26 11:43:53,903 - app.Providers.bge_embedding_provider - INFO - Generating embeddings for 1 texts...
2025-11-26 11:43:54,400 - app.Providers.bge_embedding_provider - INFO - ✅ Generated 1 embeddings (dim=1024)
2025-11-26 11:43:54,400 - app.Providers.bge_embedding_provider - INFO - Generating embeddings for 1 texts...
2025-11-26 11:43:55,015 - app.Providers.bge_embedding_provider - INFO - ✅ Generated 1 embeddings (dim=1024)
2025-11-26 11:43:55,015 - app.Providers.bge_embedding_provider - INFO - Generating embeddings for 1 texts...
2025-11-26 11:43:55,490 - app.Providers.bge_embedding_provider - INFO - ✅ Generated 1 embeddings (dim=1024)
2025-11-26 11:43:55,490 - app.Providers.bge_embedding_provider - INFO - Generating embeddings for 1 texts...
2025-11-26 11:43:55,897 - app.Providers.bge_embedding_provider - INFO - ✅ Generated 1 embeddings (dim=1024)
2025-11-26 11:43:55,897 - app.Providers.bge_embedding_provider - INFO - Generating embeddings for 1 texts...
2025-11-26 11:43:56,411 - app.Providers.bge_embedding_provider - INFO - ✅ Generated 1 embeddings (dim=1024)
2025-11-26 11:43:56,411 - app.Providers.bge_embedding_provider - INFO - Generating embeddings for 1 texts...
2025-11-26 11:43:56,882 - app.Providers.bge_embedding_provider - INFO - ✅ Generated 1 embeddings (dim=1024)
2025-11-26 11:43:56,882 - app.Providers.bge_embedding_provider - INFO - Generating embeddings for 1 texts...
2025-11-26 11:43:57,336 - app.Providers.bge_embedding_provider - INFO - ✅ Generated 1 embeddings (dim=1024)
2025-11-26 11:43:57,336 - app.Providers.bge_embedding_provider - INFO - Generating embeddings for 1 texts...
2025-11-26 11:43:57,694 - app.Providers.bge_embedding_provider - INFO - ✅ Generated 1 embeddings (dim=1024)
2025-11-26 11:43:57,694 - app.Providers.bge_embedding_provider - INFO - Generating embeddings for 1 texts...
2025-11-26 11:43:58,095 - app.Providers.bge_embedding_provider - INFO - ✅ Generated 1 embeddings (dim=1024)
2025-11-26 11:43:58,095 - app.Providers.bge_embedding_provider - INFO - Generating embeddings for 1 texts...
2025-11-26 11:43:58,481 - app.Providers.bge_embedding_provider - INFO - ✅ Generated 1 embeddings (dim=1024)
2025-11-26 11:43:58,481 - app.Providers.bge_embedding_provider - INFO - Generating embeddings for 1 texts...
2025-11-26 11:43:58,975 - app.Providers.bge_embedding_provider - INFO - ✅ Generated 1 embeddings (dim=1024)
2025-11-26 11:43:58,975 - app.Providers.bge_embedding_provider - INFO - Generating embeddings for 1 texts...
2025-11-26 11:43:59,493 - app.Providers.bge_embedding_provider - INFO - ✅ Generated 1 embeddings (dim=1024)
2025-11-26 11:43:59,493 - app.Providers.bge_embedding_provider - INFO - Generating embeddings for 1 texts...
2025-11-26 11:44:00,048 - app.Providers.bge_embedding_provider - INFO - ✅ Generated 1 embeddings (dim=1024)
2025-11-26 11:44:00,048 - app.Providers.bge_embedding_provider - INFO - Generating embeddings for 1 texts...
2025-11-26 11:44:00,544 - app.Providers.bge_embedding_provider - INFO - ✅ Generated 1 embeddings (dim=1024)
2025-11-26 11:44:00,544 - app.Providers.bge_embedding_provider - INFO - Generating embeddings for 1 texts...
2025-11-26 11:44:01,116 - app.Providers.bge_embedding_provider - INFO - ✅ Generated 1 embeddings (dim=1024)
2025-11-26 11:44:01,116 - app.Providers.bge_embedding_provider - INFO - Generating embeddings for 1 texts...
2025-11-26 11:44:01,650 - app.Providers.bge_embedding_provider - INFO - ✅ Generated 1 embeddings (dim=1024)
2025-11-26 11:44:01,650 - app.Providers.bge_embedding_provider - INFO - Generating embeddings for 1 texts...
2025-11-26 11:44:02,096 - app.Providers.bge_embedding_provider - INFO - ✅ Generated 1 embeddings (dim=1024)
2025-11-26 11:44:02,096 - app.Providers.bge_embedding_provider - INFO - Generating embeddings for 1 texts...
2025-11-26 11:44:02,593 - app.Providers.bge_embedding_provider - INFO - ✅ Generated 1 embeddings (dim=1024)
2025-11-26 11:44:02,594 - app.Providers.bge_embedding_provider - INFO - Generating embeddings for 1 texts...
2025-11-26 11:44:03,111 - app.Providers.bge_embedding_provider - INFO - ✅ Generated 1 embeddings (dim=1024)
2025-11-26 11:44:03,111 - app.Providers.bge_embedding_provider - INFO - Generating embeddings for 1 texts...
2025-11-26 11:44:03,481 - app.Providers.bge_embedding_provider - INFO - ✅ Generated 1 embeddings (dim=1024)
2025-11-26 11:44:03,481 - app.Providers.bge_embedding_provider - INFO - Generating embeddings for 1 texts...
2025-11-26 11:44:04,053 - app.Providers.bge_embedding_provider - INFO - ✅ Generated 1 embeddings (dim=1024)
2025-11-26 11:44:04,053 - app.Providers.bge_embedding_provider - INFO - Generating embeddings for 1 texts...
2025-11-26 11:44:04,556 - app.Providers.bge_embedding_provider - INFO - ✅ Generated 1 embeddings (dim=1024)
2025-11-26 11:44:04,557 - app.Providers.bge_embedding_provider - INFO - Generating embeddings for 1 texts...
2025-11-26 11:44:05,083 - app.Providers.bge_embedding_provider - INFO - ✅ Generated 1 embeddings (dim=1024)
2025-11-26 11:44:05,083 - app.Providers.bge_embedding_provider - INFO - Generating embeddings for 1 texts...
2025-11-26 11:44:05,655 - app.Providers.bge_embedding_provider - INFO - ✅ Generated 1 embeddings (dim=1024)
2025-11-26 11:44:05,655 - app.Providers.bge_embedding_provider - INFO - Generating embeddings for 1 texts...
2025-11-26 11:44:06,087 - app.Providers.bge_embedding_provider - INFO - ✅ Generated 1 embeddings (dim=1024)
2025-11-26 11:44:06,087 - app.Providers.bge_embedding_provider - INFO - Generating embeddings for 1 texts...
2025-11-26 11:44:06,609 - app.Providers.bge_embedding_provider - INFO - ✅ Generated 1 embeddings (dim=1024)
2025-11-26 11:44:06,609 - app.Providers.bge_embedding_provider - INFO - Generating embeddings for 1 texts...
2025-11-26 11:44:07,037 - app.Providers.bge_embedding_provider - INFO - ✅ Generated 1 embeddings (dim=1024)
2025-11-26 11:44:07,037 - app.Providers.bge_embedding_provider - INFO - Generating embeddings for 1 texts...
2025-11-26 11:44:07,579 - app.Providers.bge_embedding_provider - INFO - ✅ Generated 1 embeddings (dim=1024)
2025-11-26 11:44:07,579 - app.Providers.bge_embedding_provider - INFO - Generating embeddings for 1 texts...
2025-11-26 11:44:08,124 - app.Providers.bge_embedding_provider - INFO - ✅ Generated 1 embeddings (dim=1024)
2025-11-26 11:44:08,125 - app.Providers.bge_embedding_provider - INFO - Generating embeddings for 1 texts...
2025-11-26 11:44:08,501 - app.Providers.bge_embedding_provider - INFO - ✅ Generated 1 embeddings (dim=1024)
2025-11-26 11:44:08,501 - app.Providers.bge_embedding_provider - INFO - Generating embeddings for 1 texts...
2025-11-26 11:44:08,965 - app.Providers.bge_embedding_provider - INFO - ✅ Generated 1 embeddings (dim=1024)
2025-11-26 11:44:08,965 - app.Providers.bge_embedding_provider - INFO - Generating embeddings for 1 texts...
2025-11-26 11:44:09,403 - app.Providers.bge_embedding_provider - INFO - ✅ Generated 1 embeddings (dim=1024)
2025-11-26 11:44:09,403 - app.Providers.bge_embedding_provider - INFO - Generating embeddings for 1 texts...
2025-11-26 11:44:09,922 - app.Providers.bge_embedding_provider - INFO - ✅ Generated 1 embeddings (dim=1024)
2025-11-26 11:44:09,922 - app.Providers.bge_embedding_provider - INFO - Generating embeddings for 1 texts...
2025-11-26 11:44:10,421 - app.Providers.bge_embedding_provider - INFO - ✅ Generated 1 embeddings (dim=1024)
2025-11-26 11:44:10,421 - app.Providers.bge_embedding_provider - INFO - Generating embeddings for 1 texts...
2025-11-26 11:44:11,004 - app.Providers.bge_embedding_provider - INFO - ✅ Generated 1 embeddings (dim=1024)
2025-11-26 11:44:11,004 - app.Providers.bge_embedding_provider - INFO - Generating embeddings for 1 texts...
2025-11-26 11:44:11,582 - app.Providers.bge_embedding_provider - INFO - ✅ Generated 1 embeddings (dim=1024)
2025-11-26 11:44:11,583 - app.Providers.bge_embedding_provider - INFO - Generating embeddings for 1 texts...
2025-11-26 11:44:12,041 - app.Providers.bge_embedding_provider - INFO - ✅ Generated 1 embeddings (dim=1024)
2025-11-26 11:44:12,042 - app.Providers.bge_embedding_provider - INFO - Generating embeddings for 1 texts...
2025-11-26 11:44:12,746 - app.Providers.bge_embedding_provider - INFO - ✅ Generated 1 embeddings (dim=1024)
2025-11-26 11:44:12,746 - app.Providers.bge_embedding_provider - INFO - Generating embeddings for 1 texts...
2025-11-26 11:44:13,117 - app.Providers.bge_embedding_provider - INFO - ✅ Generated 1 embeddings (dim=1024)
2025-11-26 11:44:13,117 - app.Providers.bge_embedding_provider - INFO - Generating embeddings for 1 texts...
2025-11-26 11:44:13,633 - app.Providers.bge_embedding_provider - INFO - ✅ Generated 1 embeddings (dim=1024)
2025-11-26 11:44:13,633 - app.Providers.bge_embedding_provider - INFO - Generating embeddings for 1 texts...
2025-11-26 11:44:14,076 - app.Providers.bge_embedding_provider - INFO - ✅ Generated 1 embeddings (dim=1024)
2025-11-26 11:44:14,076 - app.Providers.bge_embedding_provider - INFO - Generating embeddings for 1 texts...
2025-11-26 11:44:14,498 - app.Providers.bge_embedding_provider - INFO - ✅ Generated 1 embeddings (dim=1024)
2025-11-26 11:44:14,498 - app.Providers.bge_embedding_provider - INFO - Generating embeddings for 1 texts...
2025-11-26 11:44:14,935 - app.Providers.bge_embedding_provider - INFO - ✅ Generated 1 embeddings (dim=1024)
2025-11-26 11:44:14,935 - app.Providers.bge_embedding_provider - INFO - Generating embeddings for 1 texts...
2025-11-26 11:44:15,478 - app.Providers.bge_embedding_provider - INFO - ✅ Generated 1 embeddings (dim=1024)
2025-11-26 11:44:15,478 - app.Providers.bge_embedding_provider - INFO - Generating embeddings for 1 texts...
2025-11-26 11:44:16,024 - app.Providers.bge_embedding_provider - INFO - ✅ Generated 1 embeddings (dim=1024)
2025-11-26 11:44:16,024 - app.Providers.bge_embedding_provider - INFO - Generating embeddings for 1 texts...
2025-11-26 11:44:16,466 - app.Providers.bge_embedding_provider - INFO - ✅ Generated 1 embeddings (dim=1024)
2025-11-26 11:44:16,466 - app.Providers.bge_embedding_provider - INFO - Generating embeddings for 1 texts...
2025-11-26 11:44:16,939 - app.Providers.bge_embedding_provider - INFO - ✅ Generated 1 embeddings (dim=1024)
2025-11-26 11:44:16,939 - app.Providers.bge_embedding_provider - INFO - Generating embeddings for 1 texts...
2025-11-26 11:44:17,421 - app.Providers.bge_embedding_provider - INFO - ✅ Generated 1 embeddings (dim=1024)
2025-11-26 11:44:17,422 - app.Providers.bge_embedding_provider - INFO - Generating embeddings for 1 texts...
2025-11-26 11:44:17,829 - app.Providers.bge_embedding_provider - INFO - ✅ Generated 1 embeddings (dim=1024)
2025-11-26 11:44:17,830 - app.Providers.bge_embedding_provider - INFO - Generating embeddings for 1 texts...
2025-11-26 11:44:18,315 - app.Providers.bge_embedding_provider - INFO - ✅ Generated 1 embeddings (dim=1024)
2025-11-26 11:44:18,315 - app.Providers.bge_embedding_provider - INFO - Generating embeddings for 1 texts...
2025-11-26 11:44:18,729 - app.Providers.bge_embedding_provider - INFO - ✅ Generated 1 embeddings (dim=1024)
2025-11-26 11:44:18,730 - app.Providers.bge_embedding_provider - INFO - Generating embeddings for 1 texts...
2025-11-26 11:44:19,204 - app.Providers.bge_embedding_provider - INFO - ✅ Generated 1 embeddings (dim=1024)
2025-11-26 11:44:19,204 - app.Providers.bge_embedding_provider - INFO - Generating embeddings for 1 texts...
2025-11-26 11:44:19,663 - app.Providers.bge_embedding_provider - INFO - ✅ Generated 1 embeddings (dim=1024)
2025-11-26 11:44:19,663 - app.Providers.bge_embedding_provider - INFO - Generating embeddings for 1 texts...
2025-11-26 11:44:20,112 - app.Providers.bge_embedding_provider - INFO - ✅ Generated 1 embeddings (dim=1024)
2025-11-26 11:44:20,112 - app.Providers.bge_embedding_provider - INFO - Generating embeddings for 1 texts...
2025-11-26 11:44:20,675 - app.Providers.bge_embedding_provider - INFO - ✅ Generated 1 embeddings (dim=1024)
2025-11-26 11:44:20,675 - app.Providers.bge_embedding_provider - INFO - Generating embeddings for 1 texts...
2025-11-26 11:44:21,178 - app.Providers.bge_embedding_provider - INFO - ✅ Generated 1 embeddings (dim=1024)
2025-11-26 11:44:21,178 - app.Providers.bge_embedding_provider - INFO - Generating embeddings for 1 texts...
2025-11-26 11:44:21,639 - app.Providers.bge_embedding_provider - INFO - ✅ Generated 1 embeddings (dim=1024)
2025-11-26 11:44:21,640 - app.Providers.bge_embedding_provider - INFO - Generating embeddings for 1 texts...
2025-11-26 11:44:22,108 - app.Providers.bge_embedding_provider - INFO - ✅ Generated 1 embeddings (dim=1024)
2025-11-26 11:44:22,109 - app.Providers.bge_embedding_provider - INFO - Generating embeddings for 1 texts...
2025-11-26 11:44:22,622 - app.Providers.bge_embedding_provider - INFO - ✅ Generated 1 embeddings (dim=1024)
2025-11-26 11:44:22,622 - app.Providers.bge_embedding_provider - INFO - Generating embeddings for 1 texts...
2025-11-26 11:44:22,699 - app.Providers.bge_embedding_provider - INFO - ✅ Generated 1 embeddings (dim=1024)
2025-11-26 11:44:22,699 - app.Providers.bge_embedding_provider - INFO - Generating embeddings for 1 texts...
2025-11-26 11:44:23,140 - app.Providers.bge_embedding_provider - INFO - ✅ Generated 1 embeddings (dim=1024)
2025-11-26 11:44:23,140 - app.Providers.bge_embedding_provider - INFO - Generating embeddings for 1 texts...
2025-11-26 11:44:23,673 - app.Providers.bge_embedding_provider - INFO - ✅ Generated 1 embeddings (dim=1024)
2025-11-26 11:44:23,673 - app.Providers.bge_embedding_provider - INFO - Generating embeddings for 1 texts...
2025-11-26 11:44:24,136 - app.Providers.bge_embedding_provider - INFO - ✅ Generated 1 embeddings (dim=1024)
2025-11-26 11:44:24,136 - app.Providers.bge_embedding_provider - INFO - Generating embeddings for 1 texts...
2025-11-26 11:44:24,492 - app.Providers.bge_embedding_provider - INFO - ✅ Generated 1 embeddings (dim=1024)
2025-11-26 11:44:24,493 - app.Providers.bge_embedding_provider - INFO - Generating embeddings for 1 texts...
2025-11-26 11:44:24,982 - app.Providers.bge_embedding_provider - INFO - ✅ Generated 1 embeddings (dim=1024)
2025-11-26 11:44:24,982 - app.Providers.bge_embedding_provider - INFO - Generating embeddings for 1 texts...
2025-11-26 11:44:25,418 - app.Providers.bge_embedding_provider - INFO - ✅ Generated 1 embeddings (dim=1024)
2025-11-26 11:44:25,418 - app.Providers.bge_embedding_provider - INFO - Generating embeddings for 1 texts...
2025-11-26 11:44:25,913 - app.Providers.bge_embedding_provider - INFO - ✅ Generated 1 embeddings (dim=1024)
2025-11-26 11:44:25,913 - app.Providers.bge_embedding_provider - INFO - Generating embeddings for 1 texts...
2025-11-26 11:44:26,513 - app.Providers.bge_embedding_provider - INFO - ✅ Generated 1 embeddings (dim=1024)
2025-11-26 11:44:26,513 - app.Providers.bge_embedding_provider - INFO - Generating embeddings for 1 texts...
2025-11-26 11:44:26,913 - app.Providers.bge_embedding_provider - INFO - ✅ Generated 1 embeddings (dim=1024)
2025-11-26 11:44:26,913 - app.Providers.bge_embedding_provider - INFO - Generating embeddings for 1 texts...
2025-11-26 11:44:27,395 - app.Providers.bge_embedding_provider - INFO - ✅ Generated 1 embeddings (dim=1024)
2025-11-26 11:44:27,395 - app.Providers.bge_embedding_provider - INFO - Generating embeddings for 1 texts...
2025-11-26 11:44:27,956 - app.Providers.bge_embedding_provider - INFO - ✅ Generated 1 embeddings (dim=1024)
2025-11-26 11:44:27,957 - app.Providers.bge_embedding_provider - INFO - Generating embeddings for 1 texts...
2025-11-26 11:44:28,355 - app.Providers.bge_embedding_provider - INFO - ✅ Generated 1 embeddings (dim=1024)
2025-11-26 11:44:28,355 - app.Providers.bge_embedding_provider - INFO - Generating embeddings for 1 texts...
2025-11-26 11:44:28,741 - app.Providers.bge_embedding_provider - INFO - ✅ Generated 1 embeddings (dim=1024)
2025-11-26 11:44:28,741 - app.Providers.bge_embedding_provider - INFO - Generating embeddings for 1 texts...
2025-11-26 11:44:29,118 - app.Providers.bge_embedding_provider - INFO - ✅ Generated 1 embeddings (dim=1024)
2025-11-26 11:44:29,118 - app.Providers.bge_embedding_provider - INFO - Generating embeddings for 1 texts...
2025-11-26 11:44:29,619 - app.Providers.bge_embedding_provider - INFO - ✅ Generated 1 embeddings (dim=1024)
2025-11-26 11:44:29,619 - app.Providers.bge_embedding_provider - INFO - Generating embeddings for 1 texts...
2025-11-26 11:44:30,059 - app.Providers.bge_embedding_provider - INFO - ✅ Generated 1 embeddings (dim=1024)
2025-11-26 11:44:30,059 - app.Providers.bge_embedding_provider - INFO - Generating embeddings for 1 texts...
2025-11-26 11:44:30,136 - app.Providers.bge_embedding_provider - INFO - ✅ Generated 1 embeddings (dim=1024)
2025-11-26 11:44:30,136 - app.Providers.bge_embedding_provider - INFO - Generating embeddings for 1 texts...
2025-11-26 11:44:30,618 - app.Providers.bge_embedding_provider - INFO - ✅ Generated 1 embeddings (dim=1024)
2025-11-26 11:44:30,618 - app.Providers.bge_embedding_provider - INFO - Generating embeddings for 1 texts...
2025-11-26 11:44:30,744 - app.Providers.bge_embedding_provider - INFO - ✅ Generated 1 embeddings (dim=1024)
2025-11-26 11:44:30,744 - app.Providers.bge_embedding_provider - INFO - Generating embeddings for 1 texts...
2025-11-26 11:44:31,025 - app.Providers.bge_embedding_provider - INFO - ✅ Generated 1 embeddings (dim=1024)
2025-11-26 11:44:31,025 - app.Providers.bge_embedding_provider - INFO - Generating embeddings for 1 texts...
2025-11-26 11:44:31,504 - app.Providers.bge_embedding_provider - INFO - ✅ Generated 1 embeddings (dim=1024)
2025-11-26 11:44:31,505 - app.Providers.bge_embedding_provider - INFO - Generating embeddings for 1 texts...
2025-11-26 11:44:31,862 - app.Providers.bge_embedding_provider - INFO - ✅ Generated 1 embeddings (dim=1024)
2025-11-26 11:44:31,862 - app.Providers.bge_embedding_provider - INFO - Generating embeddings for 1 texts...
2025-11-26 11:44:32,248 - app.Providers.bge_embedding_provider - INFO - ✅ Generated 1 embeddings (dim=1024)
2025-11-26 11:44:32,248 - app.Providers.bge_embedding_provider - INFO - Generating embeddings for 1 texts...
2025-11-26 11:44:32,753 - app.Providers.bge_embedding_provider - INFO - ✅ Generated 1 embeddings (dim=1024)
2025-11-26 11:44:32,753 - app.Providers.bge_embedding_provider - INFO - Generating embeddings for 1 texts...
2025-11-26 11:44:33,189 - app.Providers.bge_embedding_provider - INFO - ✅ Generated 1 embeddings (dim=1024)
2025-11-26 11:44:33,189 - app.Providers.bge_embedding_provider - INFO - Generating embeddings for 1 texts...
2025-11-26 11:44:33,802 - app.Providers.bge_embedding_provider - INFO - ✅ Generated 1 embeddings (dim=1024)
2025-11-26 11:44:33,803 - app.Providers.bge_embedding_provider - INFO - Generating embeddings for 1 texts...
2025-11-26 11:44:34,280 - app.Providers.bge_embedding_provider - INFO - ✅ Generated 1 embeddings (dim=1024)
2025-11-26 11:44:34,280 - app.Providers.bge_embedding_provider - INFO - Generating embeddings for 1 texts...
2025-11-26 11:44:34,738 - app.Providers.bge_embedding_provider - INFO - ✅ Generated 1 embeddings (dim=1024)
2025-11-26 11:44:34,738 - app.Providers.bge_embedding_provider - INFO - Generating embeddings for 1 texts...
2025-11-26 11:44:35,425 - app.Providers.bge_embedding_provider - INFO - ✅ Generated 1 embeddings (dim=1024)
2025-11-26 11:44:35,425 - app.Providers.bge_embedding_provider - INFO - Generating embeddings for 1 texts...
2025-11-26 11:44:35,878 - app.Providers.bge_embedding_provider - INFO - ✅ Generated 1 embeddings (dim=1024)
2025-11-26 11:44:35,879 - app.Providers.bge_embedding_provider - INFO - Generating embeddings for 1 texts...
2025-11-26 11:44:36,502 - app.Providers.bge_embedding_provider - INFO - ✅ Generated 1 embeddings (dim=1024)
2025-11-26 11:44:36,502 - app.Providers.bge_embedding_provider - INFO - Generating embeddings for 1 texts...
2025-11-26 11:44:37,040 - app.Providers.bge_embedding_provider - INFO - ✅ Generated 1 embeddings (dim=1024)
2025-11-26 11:44:37,040 - app.Providers.bge_embedding_provider - INFO - Generating embeddings for 1 texts...
2025-11-26 11:44:37,368 - app.Providers.bge_embedding_provider - INFO - ✅ Generated 1 embeddings (dim=1024)
2025-11-26 11:44:37,368 - app.Providers.bge_embedding_provider - INFO - Generating embeddings for 1 texts...
2025-11-26 11:44:37,932 - app.Providers.bge_embedding_provider - INFO - ✅ Generated 1 embeddings (dim=1024)
2025-11-26 11:44:37,932 - app.Providers.bge_embedding_provider - INFO - Generating embeddings for 1 texts...
2025-11-26 11:44:38,365 - app.Providers.bge_embedding_provider - INFO - ✅ Generated 1 embeddings (dim=1024)
2025-11-26 11:44:38,365 - app.Providers.bge_embedding_provider - INFO - Generating embeddings for 1 texts...
2025-11-26 11:44:38,804 - app.Providers.bge_embedding_provider - INFO - ✅ Generated 1 embeddings (dim=1024)
2025-11-26 11:44:38,804 - app.Providers.bge_embedding_provider - INFO - Generating embeddings for 1 texts...
2025-11-26 11:44:39,382 - app.Providers.bge_embedding_provider - INFO - ✅ Generated 1 embeddings (dim=1024)
2025-11-26 11:44:39,382 - app.Providers.bge_embedding_provider - INFO - Generating embeddings for 1 texts...
2025-11-26 11:44:39,662 - app.Providers.bge_embedding_provider - INFO - ✅ Generated 1 embeddings (dim=1024)
2025-11-26 11:44:39,662 - app.Providers.bge_embedding_provider - INFO - Generating embeddings for 1 texts...
2025-11-26 11:44:40,300 - app.Providers.bge_embedding_provider - INFO - ✅ Generated 1 embeddings (dim=1024)
2025-11-26 11:44:40,300 - app.Providers.bge_embedding_provider - INFO - Generating embeddings for 1 texts...
2025-11-26 11:44:40,771 - app.Providers.bge_embedding_provider - INFO - ✅ Generated 1 embeddings (dim=1024)
2025-11-26 11:44:40,771 - app.Providers.bge_embedding_provider - INFO - Generating embeddings for 1 texts...
2025-11-26 11:44:41,290 - app.Providers.bge_embedding_provider - INFO - ✅ Generated 1 embeddings (dim=1024)
2025-11-26 11:44:41,290 - app.Providers.bge_embedding_provider - INFO - Generating embeddings for 1 texts...
2025-11-26 11:44:41,699 - app.Providers.bge_embedding_provider - INFO - ✅ Generated 1 embeddings (dim=1024)
2025-11-26 11:44:41,699 - app.Providers.bge_embedding_provider - INFO - Generating embeddings for 1 texts...
2025-11-26 11:44:42,160 - app.Providers.bge_embedding_provider - INFO - ✅ Generated 1 embeddings (dim=1024)
2025-11-26 11:44:42,160 - app.Providers.bge_embedding_provider - INFO - Generating embeddings for 1 texts...
2025-11-26 11:44:42,629 - app.Providers.bge_embedding_provider - INFO - ✅ Generated 1 embeddings (dim=1024)
2025-11-26 11:44:42,629 - app.Providers.bge_embedding_provider - INFO - Generating embeddings for 1 texts...
2025-11-26 11:44:43,144 - app.Providers.bge_embedding_provider - INFO - ✅ Generated 1 embeddings (dim=1024)
2025-11-26 11:44:43,145 - app.Providers.bge_embedding_provider - INFO - Generating embeddings for 1 texts...
2025-11-26 11:44:43,473 - app.Providers.bge_embedding_provider - INFO - ✅ Generated 1 embeddings (dim=1024)
2025-11-26 11:44:43,473 - app.Providers.bge_embedding_provider - INFO - Generating embeddings for 1 texts...
2025-11-26 11:44:43,917 - app.Providers.bge_embedding_provider - INFO - ✅ Generated 1 embeddings (dim=1024)
2025-11-26 11:44:43,917 - app.Providers.bge_embedding_provider - INFO - Generating embeddings for 1 texts...
2025-11-26 11:44:44,388 - app.Providers.bge_embedding_provider - INFO - ✅ Generated 1 embeddings (dim=1024)
2025-11-26 11:44:44,388 - app.Providers.bge_embedding_provider - INFO - Generating embeddings for 1 texts...
2025-11-26 11:44:44,927 - app.Providers.bge_embedding_provider - INFO - ✅ Generated 1 embeddings (dim=1024)
2025-11-26 11:44:44,927 - app.Providers.bge_embedding_provider - INFO - Generating embeddings for 1 texts...
2025-11-26 11:44:45,601 - app.Providers.bge_embedding_provider - INFO - ✅ Generated 1 embeddings (dim=1024)
2025-11-26 11:44:45,601 - app.Providers.bge_embedding_provider - INFO - Generating embeddings for 1 texts...
2025-11-26 11:44:46,345 - app.Providers.bge_embedding_provider - INFO - ✅ Generated 1 embeddings (dim=1024)
2025-11-26 11:44:46,345 - app.Providers.bge_embedding_provider - INFO - Generating embeddings for 1 texts...
2025-11-26 11:44:46,993 - app.Providers.bge_embedding_provider - INFO - ✅ Generated 1 embeddings (dim=1024)
2025-11-26 11:44:46,993 - app.Providers.bge_embedding_provider - INFO - Generating embeddings for 1 texts...
2025-11-26 11:44:47,529 - app.Providers.bge_embedding_provider - INFO - ✅ Generated 1 embeddings (dim=1024)
2025-11-26 11:44:47,529 - app.Providers.bge_embedding_provider - INFO - Generating embeddings for 1 texts...
2025-11-26 11:44:48,033 - app.Providers.bge_embedding_provider - INFO - ✅ Generated 1 embeddings (dim=1024)
2025-11-26 11:44:48,033 - app.Providers.bge_embedding_provider - INFO - Generating embeddings for 1 texts...
2025-11-26 11:44:48,574 - app.Providers.bge_embedding_provider - INFO - ✅ Generated 1 embeddings (dim=1024)
2025-11-26 11:44:48,574 - app.Providers.bge_embedding_provider - INFO - Generating embeddings for 1 texts...
2025-11-26 11:44:49,217 - app.Providers.bge_embedding_provider - INFO - ✅ Generated 1 embeddings (dim=1024)
2025-11-26 11:44:49,217 - app.Providers.bge_embedding_provider - INFO - Generating embeddings for 1 texts...
2025-11-26 11:44:49,634 - app.Providers.bge_embedding_provider - INFO - ✅ Generated 1 embeddings (dim=1024)
2025-11-26 11:44:49,634 - app.Providers.bge_embedding_provider - INFO - Generating embeddings for 1 texts...
2025-11-26 11:44:50,096 - app.Providers.bge_embedding_provider - INFO - ✅ Generated 1 embeddings (dim=1024)
2025-11-26 11:44:50,096 - app.Providers.bge_embedding_provider - INFO - Generating embeddings for 1 texts...
2025-11-26 11:44:50,579 - app.Providers.bge_embedding_provider - INFO - ✅ Generated 1 embeddings (dim=1024)
2025-11-26 11:44:50,579 - app.Providers.bge_embedding_provider - INFO - Generating embeddings for 1 texts...
2025-11-26 11:44:51,108 - app.Providers.bge_embedding_provider - INFO - ✅ Generated 1 embeddings (dim=1024)
2025-11-26 11:44:51,108 - app.Providers.bge_embedding_provider - INFO - Generating embeddings for 1 texts...
2025-11-26 11:44:51,672 - app.Providers.bge_embedding_provider - INFO - ✅ Generated 1 embeddings (dim=1024)
2025-11-26 11:44:51,672 - app.Providers.bge_embedding_provider - INFO - Generating embeddings for 1 texts...
2025-11-26 11:44:52,268 - app.Providers.bge_embedding_provider - INFO - ✅ Generated 1 embeddings (dim=1024)
2025-11-26 11:44:52,268 - app.Providers.bge_embedding_provider - INFO - Generating embeddings for 1 texts...
2025-11-26 11:44:52,614 - app.Providers.bge_embedding_provider - INFO - ✅ Generated 1 embeddings (dim=1024)
2025-11-26 11:44:52,614 - app.Providers.bge_embedding_provider - INFO - Generating embeddings for 1 texts...
2025-11-26 11:44:53,053 - app.Providers.bge_embedding_provider - INFO - ✅ Generated 1 embeddings (dim=1024)
2025-11-26 11:44:53,053 - app.Providers.bge_embedding_provider - INFO - Generating embeddings for 1 texts...
2025-11-26 11:44:53,689 - app.Providers.bge_embedding_provider - INFO - ✅ Generated 1 embeddings (dim=1024)
2025-11-26 11:44:53,689 - app.Providers.bge_embedding_provider - INFO - Generating embeddings for 1 texts...
2025-11-26 11:44:54,282 - app.Providers.bge_embedding_provider - INFO - ✅ Generated 1 embeddings (dim=1024)
2025-11-26 11:44:54,282 - app.Providers.bge_embedding_provider - INFO - Generating embeddings for 1 texts...
2025-11-26 11:44:54,858 - app.Providers.bge_embedding_provider - INFO - ✅ Generated 1 embeddings (dim=1024)
2025-11-26 11:44:54,858 - app.Providers.bge_embedding_provider - INFO - Generating embeddings for 1 texts...
2025-11-26 11:44:55,418 - app.Providers.bge_embedding_provider - INFO - ✅ Generated 1 embeddings (dim=1024)
2025-11-26 11:44:55,418 - app.Providers.bge_embedding_provider - INFO - Generating embeddings for 1 texts...
2025-11-26 11:44:55,813 - app.Providers.bge_embedding_provider - INFO - ✅ Generated 1 embeddings (dim=1024)
2025-11-26 11:44:55,814 - app.Providers.bge_embedding_provider - INFO - Generating embeddings for 1 texts...
2025-11-26 11:44:56,366 - app.Providers.bge_embedding_provider - INFO - ✅ Generated 1 embeddings (dim=1024)
2025-11-26 11:44:56,366 - app.Providers.bge_embedding_provider - INFO - Generating embeddings for 1 texts...
2025-11-26 11:44:56,920 - app.Providers.bge_embedding_provider - INFO - ✅ Generated 1 embeddings (dim=1024)
2025-11-26 11:44:56,920 - app.Providers.bge_embedding_provider - INFO - Generating embeddings for 1 texts...
2025-11-26 11:44:57,435 - app.Providers.bge_embedding_provider - INFO - ✅ Generated 1 embeddings (dim=1024)
2025-11-26 11:44:57,435 - app.Providers.bge_embedding_provider - INFO - Generating embeddings for 1 texts...
2025-11-26 11:44:57,704 - app.Providers.bge_embedding_provider - INFO - ✅ Generated 1 embeddings (dim=1024)
2025-11-26 11:44:57,704 - app.Providers.bge_embedding_provider - INFO - Generating embeddings for 1 texts...
2025-11-26 11:44:58,070 - app.Providers.bge_embedding_provider - INFO - ✅ Generated 1 embeddings (dim=1024)
2025-11-26 11:44:58,070 - app.Providers.bge_embedding_provider - INFO - Generating embeddings for 1 texts...
2025-11-26 11:44:58,396 - app.Providers.bge_embedding_provider - INFO - ✅ Generated 1 embeddings (dim=1024)
2025-11-26 11:44:58,396 - app.Providers.bge_embedding_provider - INFO - Generating embeddings for 1 texts...
2025-11-26 11:44:58,790 - app.Providers.bge_embedding_provider - INFO - ✅ Generated 1 embeddings (dim=1024)
2025-11-26 11:44:58,790 - app.Providers.bge_embedding_provider - INFO - Generating embeddings for 1 texts...
2025-11-26 11:44:59,159 - app.Providers.bge_embedding_provider - INFO - ✅ Generated 1 embeddings (dim=1024)
2025-11-26 11:44:59,159 - app.Providers.bge_embedding_provider - INFO - Generating embeddings for 1 texts...
2025-11-26 11:44:59,673 - app.Providers.bge_embedding_provider - INFO - ✅ Generated 1 embeddings (dim=1024)
2025-11-26 11:44:59,673 - app.Providers.bge_embedding_provider - INFO - Generating embeddings for 1 texts...
2025-11-26 11:45:00,117 - app.Providers.bge_embedding_provider - INFO - ✅ Generated 1 embeddings (dim=1024)
2025-11-26 11:45:00,117 - app.Providers.bge_embedding_provider - INFO - Generating embeddings for 1 texts...
2025-11-26 11:45:00,463 - app.Providers.bge_embedding_provider - INFO - ✅ Generated 1 embeddings (dim=1024)
2025-11-26 11:45:00,463 - app.Providers.bge_embedding_provider - INFO - Generating embeddings for 1 texts...
2025-11-26 11:45:00,766 - app.Providers.bge_embedding_provider - INFO - ✅ Generated 1 embeddings (dim=1024)
2025-11-26 11:45:00,766 - app.Providers.bge_embedding_provider - INFO - Generating embeddings for 1 texts...
2025-11-26 11:45:01,102 - app.Providers.bge_embedding_provider - INFO - ✅ Generated 1 embeddings (dim=1024)
2025-11-26 11:45:01,102 - app.Providers.bge_embedding_provider - INFO - Generating embeddings for 1 texts...
2025-11-26 11:45:01,390 - app.Providers.bge_embedding_provider - INFO - ✅ Generated 1 embeddings (dim=1024)
2025-11-26 11:45:01,390 - app.Providers.bge_embedding_provider - INFO - Generating embeddings for 1 texts...
2025-11-26 11:45:01,752 - app.Providers.bge_embedding_provider - INFO - ✅ Generated 1 embeddings (dim=1024)
2025-11-26 11:45:01,752 - app.Providers.bge_embedding_provider - INFO - Generating embeddings for 1 texts...
2025-11-26 11:45:02,445 - app.Providers.bge_embedding_provider - INFO - ✅ Generated 1 embeddings (dim=1024)
2025-11-26 11:45:02,446 - app.Providers.bge_embedding_provider - INFO - Generating embeddings for 1 texts...
2025-11-26 11:45:02,840 - app.Providers.bge_embedding_provider - INFO - ✅ Generated 1 embeddings (dim=1024)
2025-11-26 11:45:02,841 - app.Providers.bge_embedding_provider - INFO - Generating embeddings for 1 texts...
2025-11-26 11:45:03,245 - app.Providers.bge_embedding_provider - INFO - ✅ Generated 1 embeddings (dim=1024)
2025-11-26 11:45:03,245 - app.Providers.bge_embedding_provider - INFO - Generating embeddings for 1 texts...
2025-11-26 11:45:03,580 - app.Providers.bge_embedding_provider - INFO - ✅ Generated 1 embeddings (dim=1024)
2025-11-26 11:45:03,580 - app.Providers.bge_embedding_provider - INFO - Generating embeddings for 1 texts...
2025-11-26 11:45:03,740 - app.Providers.bge_embedding_provider - INFO - ✅ Generated 1 embeddings (dim=1024)
2025-11-26 11:45:03,740 - app.Providers.bge_embedding_provider - INFO - Generating embeddings for 1 texts...
2025-11-26 11:45:04,199 - app.Providers.bge_embedding_provider - INFO - ✅ Generated 1 embeddings (dim=1024)
2025-11-26 11:45:04,199 - app.Providers.bge_embedding_provider - INFO - Generating embeddings for 1 texts...
2025-11-26 11:45:04,863 - app.Providers.bge_embedding_provider - INFO - ✅ Generated 1 embeddings (dim=1024)
2025-11-26 11:45:04,863 - app.Providers.bge_embedding_provider - INFO - Generating embeddings for 1 texts...
2025-11-26 11:45:05,338 - app.Providers.bge_embedding_provider - INFO - ✅ Generated 1 embeddings (dim=1024)
2025-11-26 11:45:05,338 - app.Providers.bge_embedding_provider - INFO - Generating embeddings for 1 texts...
2025-11-26 11:45:05,832 - app.Providers.bge_embedding_provider - INFO - ✅ Generated 1 embeddings (dim=1024)
2025-11-26 11:45:05,832 - app.Providers.bge_embedding_provider - INFO - Generating embeddings for 1 texts...
2025-11-26 11:45:06,243 - app.Providers.bge_embedding_provider - INFO - ✅ Generated 1 embeddings (dim=1024)
2025-11-26 11:45:06,243 - app.Providers.bge_embedding_provider - INFO - Generating embeddings for 1 texts...
2025-11-26 11:45:06,653 - app.Providers.bge_embedding_provider - INFO - ✅ Generated 1 embeddings (dim=1024)
2025-11-26 11:45:06,653 - app.Providers.bge_embedding_provider - INFO - Generating embeddings for 1 texts...
2025-11-26 11:45:07,302 - app.Providers.bge_embedding_provider - INFO - ✅ Generated 1 embeddings (dim=1024)
2025-11-26 11:45:07,302 - app.Providers.bge_embedding_provider - INFO - Generating embeddings for 1 texts...
2025-11-26 11:45:07,858 - app.Providers.bge_embedding_provider - INFO - ✅ Generated 1 embeddings (dim=1024)
2025-11-26 11:45:07,859 - app.Providers.bge_embedding_provider - INFO - Generating embeddings for 1 texts...
2025-11-26 11:45:08,372 - app.Providers.bge_embedding_provider - INFO - ✅ Generated 1 embeddings (dim=1024)
2025-11-26 11:45:08,373 - app.Providers.bge_embedding_provider - INFO - Generating embeddings for 1 texts...
2025-11-26 11:45:08,947 - app.Providers.bge_embedding_provider - INFO - ✅ Generated 1 embeddings (dim=1024)
2025-11-26 11:45:08,947 - app.Providers.bge_embedding_provider - INFO - Generating embeddings for 1 texts...
2025-11-26 11:45:09,338 - app.Providers.bge_embedding_provider - INFO - ✅ Generated 1 embeddings (dim=1024)
2025-11-26 11:45:09,338 - app.Providers.bge_embedding_provider - INFO - Generating embeddings for 1 texts...
2025-11-26 11:45:09,783 - app.Providers.bge_embedding_provider - INFO - ✅ Generated 1 embeddings (dim=1024)
2025-11-26 11:45:09,783 - app.Providers.bge_embedding_provider - INFO - Generating embeddings for 1 texts...
2025-11-26 11:45:10,415 - app.Providers.bge_embedding_provider - INFO - ✅ Generated 1 embeddings (dim=1024)
2025-11-26 11:45:10,416 - app.Providers.bge_embedding_provider - INFO - Generating embeddings for 1 texts...
2025-11-26 11:45:10,998 - app.Providers.bge_embedding_provider - INFO - ✅ Generated 1 embeddings (dim=1024)
2025-11-26 11:45:10,998 - app.Providers.bge_embedding_provider - INFO - Generating embeddings for 1 texts...
2025-11-26 11:45:11,458 - app.Providers.bge_embedding_provider - INFO - ✅ Generated 1 embeddings (dim=1024)
2025-11-26 11:45:11,458 - app.Providers.bge_embedding_provider - INFO - Generating embeddings for 1 texts...
2025-11-26 11:45:12,392 - app.Providers.bge_embedding_provider - INFO - ✅ Generated 1 embeddings (dim=1024)
2025-11-26 11:45:12,393 - app.Providers.bge_embedding_provider - INFO - Generating embeddings for 1 texts...
2025-11-26 11:45:12,949 - app.Providers.bge_embedding_provider - INFO - ✅ Generated 1 embeddings (dim=1024)
2025-11-26 11:45:12,950 - app.Providers.bge_embedding_provider - INFO - Generating embeddings for 1 texts...
2025-11-26 11:45:13,612 - app.Providers.bge_embedding_provider - INFO - ✅ Generated 1 embeddings (dim=1024)
2025-11-26 11:45:13,612 - app.Providers.bge_embedding_provider - INFO - Generating embeddings for 1 texts...
2025-11-26 11:45:14,257 - app.Providers.bge_embedding_provider - INFO - ✅ Generated 1 embeddings (dim=1024)
2025-11-26 11:45:14,257 - app.Providers.bge_embedding_provider - INFO - Generating embeddings for 1 texts...
2025-11-26 11:45:15,016 - app.Providers.bge_embedding_provider - INFO - ✅ Generated 1 embeddings (dim=1024)
2025-11-26 11:45:15,017 - app.Providers.bge_embedding_provider - INFO - Generating embeddings for 1 texts...
2025-11-26 11:45:15,375 - app.Providers.bge_embedding_provider - INFO - ✅ Generated 1 embeddings (dim=1024)
2025-11-26 11:45:15,375 - app.Providers.bge_embedding_provider - INFO - Generating embeddings for 1 texts...
2025-11-26 11:45:15,742 - app.Providers.bge_embedding_provider - INFO - ✅ Generated 1 embeddings (dim=1024)
2025-11-26 11:45:15,742 - app.Providers.bge_embedding_provider - INFO - Generating embeddings for 1 texts...
2025-11-26 11:45:16,205 - app.Providers.bge_embedding_provider - INFO - ✅ Generated 1 embeddings (dim=1024)
2025-11-26 11:45:16,205 - app.Providers.bge_embedding_provider - INFO - Generating embeddings for 1 texts...
2025-11-26 11:45:16,565 - app.Providers.bge_embedding_provider - INFO - ✅ Generated 1 embeddings (dim=1024)
2025-11-26 11:45:16,565 - app.Providers.bge_embedding_provider - INFO - Generating embeddings for 1 texts...
2025-11-26 11:45:17,007 - app.Providers.bge_embedding_provider - INFO - ✅ Generated 1 embeddings (dim=1024)
2025-11-26 11:45:17,007 - app.Providers.bge_embedding_provider - INFO - Generating embeddings for 1 texts...
2025-11-26 11:45:17,125 - app.Providers.bge_embedding_provider - INFO - ✅ Generated 1 embeddings (dim=1024)
2025-11-26 11:45:17,125 - app.Providers.bge_embedding_provider - INFO - Generating embeddings for 1 texts...
2025-11-26 11:45:17,395 - app.Providers.bge_embedding_provider - INFO - ✅ Generated 1 embeddings (dim=1024)
2025-11-26 11:45:17,395 - app.Providers.bge_embedding_provider - INFO - Generating embeddings for 1 texts...
2025-11-26 11:45:17,925 - app.Providers.bge_embedding_provider - INFO - ✅ Generated 1 embeddings (dim=1024)
2025-11-26 11:45:17,926 - app.Providers.bge_embedding_provider - INFO - Generating embeddings for 1 texts...
2025-11-26 11:45:18,328 - app.Providers.bge_embedding_provider - INFO - ✅ Generated 1 embeddings (dim=1024)
2025-11-26 11:45:18,328 - app.Providers.bge_embedding_provider - INFO - Generating embeddings for 1 texts...
2025-11-26 11:45:18,788 - app.Providers.bge_embedding_provider - INFO - ✅ Generated 1 embeddings (dim=1024)
2025-11-26 11:45:18,788 - app.Providers.bge_embedding_provider - INFO - Generating embeddings for 1 texts...
2025-11-26 11:45:19,292 - app.Providers.bge_embedding_provider - INFO - ✅ Generated 1 embeddings (dim=1024)
2025-11-26 11:45:19,292 - app.Providers.bge_embedding_provider - INFO - Generating embeddings for 1 texts...
2025-11-26 11:45:19,884 - app.Providers.bge_embedding_provider - INFO - ✅ Generated 1 embeddings (dim=1024)
2025-11-26 11:45:19,884 - app.Providers.bge_embedding_provider - INFO - Generating embeddings for 1 texts...
2025-11-26 11:45:20,252 - app.Providers.bge_embedding_provider - INFO - ✅ Generated 1 embeddings (dim=1024)
2025-11-26 11:45:20,253 - app.Providers.bge_embedding_provider - INFO - Generating embeddings for 1 texts...
2025-11-26 11:45:20,837 - app.Providers.bge_embedding_provider - INFO - ✅ Generated 1 embeddings (dim=1024)
2025-11-26 11:45:20,837 - app.Providers.bge_embedding_provider - INFO - Generating embeddings for 1 texts...
2025-11-26 11:45:21,353 - app.Providers.bge_embedding_provider - INFO - ✅ Generated 1 embeddings (dim=1024)
2025-11-26 11:45:21,353 - app.Providers.bge_embedding_provider - INFO - Generating embeddings for 1 texts...
2025-11-26 11:45:21,936 - app.Providers.bge_embedding_provider - INFO - ✅ Generated 1 embeddings (dim=1024)
2025-11-26 11:45:21,937 - app.Providers.bge_embedding_provider - INFO - Generating embeddings for 1 texts...
2025-11-26 11:45:22,339 - app.Providers.bge_embedding_provider - INFO - ✅ Generated 1 embeddings (dim=1024)
2025-11-26 11:45:22,339 - app.Providers.bge_embedding_provider - INFO - Generating embeddings for 1 texts...
2025-11-26 11:45:22,868 - app.Providers.bge_embedding_provider - INFO - ✅ Generated 1 embeddings (dim=1024)
2025-11-26 11:45:22,868 - app.Providers.bge_embedding_provider - INFO - Generating embeddings for 1 texts...
2025-11-26 11:45:23,379 - app.Providers.bge_embedding_provider - INFO - ✅ Generated 1 embeddings (dim=1024)
2025-11-26 11:45:23,379 - app.Providers.bge_embedding_provider - INFO - Generating embeddings for 1 texts...
2025-11-26 11:45:23,764 - app.Providers.bge_embedding_provider - INFO - ✅ Generated 1 embeddings (dim=1024)
2025-11-26 11:45:23,764 - app.Providers.bge_embedding_provider - INFO - Generating embeddings for 1 texts...
2025-11-26 11:45:24,143 - app.Providers.bge_embedding_provider - INFO - ✅ Generated 1 embeddings (dim=1024)
2025-11-26 11:45:24,143 - app.Providers.bge_embedding_provider - INFO - Generating embeddings for 1 texts...
2025-11-26 11:45:24,651 - app.Providers.bge_embedding_provider - INFO - ✅ Generated 1 embeddings (dim=1024)
2025-11-26 11:45:24,651 - app.Providers.bge_embedding_provider - INFO - Generating embeddings for 1 texts...
2025-11-26 11:45:24,986 - app.Providers.bge_embedding_provider - INFO - ✅ Generated 1 embeddings (dim=1024)
2025-11-26 11:45:24,986 - app.Providers.bge_embedding_provider - INFO - Generating embeddings for 1 texts...
2025-11-26 11:45:25,283 - app.Providers.bge_embedding_provider - INFO - ✅ Generated 1 embeddings (dim=1024)
2025-11-26 11:45:25,283 - app.SkillServices.pdf_skill_ingestion_service - INFO - Processing PDF: 消費者保護法.pdf
2025-11-26 11:45:25,443 - app.SkillServices.pdf_skill_ingestion_service - INFO -   Extracted 21 pages from 消費者保護法.pdf
2025-11-26 11:45:25,443 - app.Providers.bge_embedding_provider - INFO - Generating embeddings for 1 texts...
2025-11-26 11:45:25,768 - app.Providers.bge_embedding_provider - INFO - ✅ Generated 1 embeddings (dim=1024)
2025-11-26 11:45:25,768 - app.Providers.bge_embedding_provider - INFO - Generating embeddings for 1 texts...
2025-11-26 11:45:26,351 - app.Providers.bge_embedding_provider - INFO - ✅ Generated 1 embeddings (dim=1024)
2025-11-26 11:45:26,351 - app.Providers.bge_embedding_provider - INFO - Generating embeddings for 1 texts...
2025-11-26 11:45:26,759 - app.Providers.bge_embedding_provider - INFO - ✅ Generated 1 embeddings (dim=1024)
2025-11-26 11:45:26,759 - app.Providers.bge_embedding_provider - INFO - Generating embeddings for 1 texts...
2025-11-26 11:45:27,233 - app.Providers.bge_embedding_provider - INFO - ✅ Generated 1 embeddings (dim=1024)
2025-11-26 11:45:27,233 - app.Providers.bge_embedding_provider - INFO - Generating embeddings for 1 texts...
2025-11-26 11:45:27,705 - app.Providers.bge_embedding_provider - INFO - ✅ Generated 1 embeddings (dim=1024)
2025-11-26 11:45:27,705 - app.Providers.bge_embedding_provider - INFO - Generating embeddings for 1 texts...
2025-11-26 11:45:28,165 - app.Providers.bge_embedding_provider - INFO - ✅ Generated 1 embeddings (dim=1024)
2025-11-26 11:45:28,165 - app.Providers.bge_embedding_provider - INFO - Generating embeddings for 1 texts...
2025-11-26 11:45:28,586 - app.Providers.bge_embedding_provider - INFO - ✅ Generated 1 embeddings (dim=1024)
2025-11-26 11:45:28,586 - app.Providers.bge_embedding_provider - INFO - Generating embeddings for 1 texts...
2025-11-26 11:45:29,104 - app.Providers.bge_embedding_provider - INFO - ✅ Generated 1 embeddings (dim=1024)
2025-11-26 11:45:29,104 - app.Providers.bge_embedding_provider - INFO - Generating embeddings for 1 texts...
2025-11-26 11:45:29,595 - app.Providers.bge_embedding_provider - INFO - ✅ Generated 1 embeddings (dim=1024)
2025-11-26 11:45:29,595 - app.Providers.bge_embedding_provider - INFO - Generating embeddings for 1 texts...
2025-11-26 11:45:29,947 - app.Providers.bge_embedding_provider - INFO - ✅ Generated 1 embeddings (dim=1024)
2025-11-26 11:45:29,947 - app.Providers.bge_embedding_provider - INFO - Generating embeddings for 1 texts...
2025-11-26 11:45:30,253 - app.Providers.bge_embedding_provider - INFO - ✅ Generated 1 embeddings (dim=1024)
2025-11-26 11:45:30,253 - app.Providers.bge_embedding_provider - INFO - Generating embeddings for 1 texts...
2025-11-26 11:45:30,694 - app.Providers.bge_embedding_provider - INFO - ✅ Generated 1 embeddings (dim=1024)
2025-11-26 11:45:30,694 - app.Providers.bge_embedding_provider - INFO - Generating embeddings for 1 texts...
2025-11-26 11:45:31,117 - app.Providers.bge_embedding_provider - INFO - ✅ Generated 1 embeddings (dim=1024)
2025-11-26 11:45:31,117 - app.Providers.bge_embedding_provider - INFO - Generating embeddings for 1 texts...
2025-11-26 11:45:31,508 - app.Providers.bge_embedding_provider - INFO - ✅ Generated 1 embeddings (dim=1024)
2025-11-26 11:45:31,508 - app.Providers.bge_embedding_provider - INFO - Generating embeddings for 1 texts...
2025-11-26 11:45:31,926 - app.Providers.bge_embedding_provider - INFO - ✅ Generated 1 embeddings (dim=1024)
2025-11-26 11:45:31,926 - app.Providers.bge_embedding_provider - INFO - Generating embeddings for 1 texts...
2025-11-26 11:45:32,359 - app.Providers.bge_embedding_provider - INFO - ✅ Generated 1 embeddings (dim=1024)
2025-11-26 11:45:32,360 - app.Providers.bge_embedding_provider - INFO - Generating embeddings for 1 texts...
2025-11-26 11:45:32,856 - app.Providers.bge_embedding_provider - INFO - ✅ Generated 1 embeddings (dim=1024)
2025-11-26 11:45:32,856 - app.Providers.bge_embedding_provider - INFO - Generating embeddings for 1 texts...
2025-11-26 11:45:33,396 - app.Providers.bge_embedding_provider - INFO - ✅ Generated 1 embeddings (dim=1024)
2025-11-26 11:45:33,396 - app.Providers.bge_embedding_provider - INFO - Generating embeddings for 1 texts...
2025-11-26 11:45:33,861 - app.Providers.bge_embedding_provider - INFO - ✅ Generated 1 embeddings (dim=1024)
2025-11-26 11:45:33,861 - app.Providers.bge_embedding_provider - INFO - Generating embeddings for 1 texts...
2025-11-26 11:45:34,268 - app.Providers.bge_embedding_provider - INFO - ✅ Generated 1 embeddings (dim=1024)
2025-11-26 11:45:34,268 - app.Providers.bge_embedding_provider - INFO - Generating embeddings for 1 texts...
2025-11-26 11:45:34,580 - app.Providers.bge_embedding_provider - INFO - ✅ Generated 1 embeddings (dim=1024)
2025-11-26 11:45:34,580 - app.SkillServices.pdf_skill_ingestion_service - INFO - Total chunks created: 533
2025-11-26 11:45:34,580 - app.SkillServices.pdf_skill_ingestion_service - INFO - Storing embeddings in FAISS...
2025-11-26 11:45:34,580 - faiss.loader - INFO - Loading faiss with AVX512 support.
2025-11-26 11:45:34,593 - faiss.loader - INFO - Successfully loaded faiss with AVX512 support.
2025-11-26 11:45:34,597 - langchain_community.vectorstores.faiss - WARNING - `embedding_function` is expected to be an Embeddings object, support for passing in a function will soon be removed.
2025-11-26 11:45:34,601 - app.Providers.vector_store_provider.client - INFO - Saved FAISS store 'skill_legal-civil_20251126_034114_f333015b' (skill) to data/faiss_indices/skills/skill_legal-civil_20251126_034114_f333015b
2025-11-26 11:45:34,601 - app.Providers.vector_store_provider.client - INFO - Created FAISS store 'skill_legal-civil_20251126_034114_f333015b' with 533 chunks (persisted to disk)
2025-11-26 11:45:34,601 - app.SkillServices.pdf_skill_ingestion_service - INFO - ✅ Stored 533 embeddings for skill skill_legal-civil_20251126_034114_f333015b in store skill_legal-civil_20251126_034114_f333015b
2025-11-26 11:45:34,601 - app.SkillServices.pdf_skill_ingestion_service - INFO - Storing metadata in SQLite...
2025-11-26 11:45:34,603 - app.Providers.skill_metadata_provider.client - INFO - Created skill metadata: skill_legal-civil_20251126_034114_f333015b (六法全書-民法)
2025-11-26 11:45:34,610 - app.SkillServices.pdf_skill_ingestion_service - INFO - ✅ Stored metadata for 533 chunks
2025-11-26 11:45:34,610 - app.SkillServices.pdf_skill_ingestion_service - INFO - ✅ Successfully created skill: 六法全書-民法
2025-11-26 11:45:34,611 - __main__ - INFO - 
============================================================
2025-11-26 11:45:34,611 - __main__ - INFO - ✅ Civil Law Skill Successfully Created!
2025-11-26 11:45:34,611 - __main__ - INFO - ============================================================
2025-11-26 11:45:34,611 - __main__ - INFO - 📊 Processing Summary:
2025-11-26 11:45:34,611 - __main__ - INFO -    Skill ID: skill_legal-civil_20251126_034114_f333015b
2025-11-26 11:45:34,611 - __main__ - INFO -    Skill Name: 六法全書-民法
2025-11-26 11:45:34,611 - __main__ - INFO -    Documents Processed: 5
2025-11-26 11:45:34,611 - __main__ - INFO -    Total Pages: 533
2025-11-26 11:45:34,611 - __main__ - INFO -    Total Chunks: 533
2025-11-26 11:45:34,611 - __main__ - INFO -    Embedding Model: BAAI/bge-m3
2025-11-26 11:45:34,611 - __main__ - INFO -    Dimension: 1024
2025-11-26 11:45:34,611 - __main__ - INFO -    Processing Time: 266.67 seconds
2025-11-26 11:45:34,611 - __main__ - INFO - 
📚 Documents included:
2025-11-26 11:45:34,611 - __main__ - INFO -    - 強制執行法.pdf
2025-11-26 11:45:34,611 - __main__ - INFO -    - 民事訴訟法.pdf
2025-11-26 11:45:34,611 - __main__ - INFO -    - 家事事件法.pdf
2025-11-26 11:45:34,611 - __main__ - INFO -    - 民法.pdf
2025-11-26 11:45:34,611 - __main__ - INFO -    - 消費者保護法.pdf
2025-11-26 11:45:34,611 - __main__ - INFO - 
💡 Verification & Testing:
2025-11-26 11:45:34,611 - __main__ - INFO -    You can now test with queries like:
2025-11-26 11:45:34,611 - __main__ - INFO -    - '契約成立的要件'
2025-11-26 11:45:34,611 - __main__ - INFO -    - '債權債務關係'
2025-11-26 11:45:34,611 - __main__ - INFO -    - '繼承順序規定'
2025-11-26 11:45:34,611 - __main__ - INFO -    - '消費者保護法的適用範圍'
2025-11-26 11:45:34,611 - __main__ - INFO -    - '家事事件的管轄法院'
2025-11-26 11:45:34,611 - __main__ - INFO - 
📂 FAISS Index Location:
2025-11-26 11:45:34,611 - __main__ - INFO -    data/faiss_indices/skills/skill_legal-civil_20251126_034114_f333015b/
2025-11-26 11:45:34,611 - __main__ - INFO - 
🔍 Verifying Skill Creation...
2025-11-26 11:45:34,611 - __main__ - ERROR - ❌ Fatal error: 'SkillMetadataProvider' object has no attribute 'list_all_skills'
2025-11-26 11:45:34,612 - __main__ - ERROR - Traceback (most recent call last):
  File "/home/mapleleaf/LCJRepos/gitprjs/DocAI/scripts/load_civil_law_skill.py", line 218, in <module>
    verified = asyncio.run(verify_skill_creation())
               ^^^^^^^^^^^^^^^^^^^^^^^^^^^^^^^^^^^^
  File "/home/mapleleaf/miniconda3/lib/python3.12/asyncio/runners.py", line 195, in run
    return runner.run(main)
           ^^^^^^^^^^^^^^^^
  File "/home/mapleleaf/miniconda3/lib/python3.12/asyncio/runners.py", line 118, in run
    return self._loop.run_until_complete(task)
           ^^^^^^^^^^^^^^^^^^^^^^^^^^^^^^^^^^^
  File "/home/mapleleaf/miniconda3/lib/python3.12/asyncio/base_events.py", line 691, in run_until_complete
    return future.result()
           ^^^^^^^^^^^^^^^
  File "/home/mapleleaf/LCJRepos/gitprjs/DocAI/scripts/load_civil_law_skill.py", line 183, in verify_skill_creation
    skills = await metadata_provider.list_all_skills()
                   ^^^^^^^^^^^^^^^^^^^^^^^^^^^^^^^^^
AttributeError: 'SkillMetadataProvider' object has no attribute 'list_all_skills'. Did you mean: 'list_skills'?

