2025-12-01 16:48:19,601 - INFO - 成功載入配置文件: /home/mapleleaf/LCJRepos/gitprjs/DocAI/scripts/skill_data/skill_config.json
2025-12-01 16:48:19,601 - INFO - Skill Metadata Provider initialized: /home/mapleleaf/LCJRepos/gitprjs/DocAI/data/skill_metadata.db
2025-12-01 16:48:19,602 - INFO - Using CPU as specified
2025-12-01 16:48:19,602 - INFO - Auto-detected device for embeddings: cpu
2025-12-01 16:48:19,602 - INFO - Embedding Provider configured with model: sentence-transformers/all-MiniLM-L6-v2, device: cpu
2025-12-01 16:48:19,703 - INFO - Loading embedding model: sentence-transformers/all-MiniLM-L6-v2
2025-12-01 16:48:19,704 - INFO - Load pretrained SentenceTransformer: sentence-transformers/all-MiniLM-L6-v2
2025-12-01 16:48:22,507 - INFO - Successfully loaded embedding model: sentence-transformers/all-MiniLM-L6-v2
2025-12-01 16:48:22,507 - INFO - Loading BGE-M3 model on cpu...
2025-12-01 16:48:22,509 - INFO - Load pretrained SentenceTransformer: BAAI/bge-m3
2025-12-01 16:48:26,622 - INFO - ✅ BGE-M3 model loaded successfully (dim=1024)
2025-12-01 16:48:26,643 - INFO - Loading faiss with AVX512 support.
2025-12-01 16:48:26,705 - INFO - Successfully loaded faiss with AVX512 support.
2025-12-01 16:48:26,715 - WARNING - `embedding_function` is expected to be an Embeddings object, support for passing in a function will soon be removed.
2025-12-01 16:48:26,715 - INFO - Loaded FAISS store 'skill_20251201_074336_d01fd9b0' (skill) from data/faiss_indices/skills/skill_20251201_074336_d01fd9b0
2025-12-01 16:48:26,715 - WARNING - `embedding_function` is expected to be an Embeddings object, support for passing in a function will soon be removed.
2025-12-01 16:48:26,715 - INFO - Loaded FAISS store 'skill_20251128_070013_b8cc08c1' (skill) from data/faiss_indices/skills/skill_20251128_070013_b8cc08c1
2025-12-01 16:48:26,716 - WARNING - `embedding_function` is expected to be an Embeddings object, support for passing in a function will soon be removed.
2025-12-01 16:48:26,716 - INFO - Loaded FAISS store 'skill_20251126_104421_4fdb3e9b' (skill) from data/faiss_indices/skills/skill_20251126_104421_4fdb3e9b
2025-12-01 16:48:26,718 - WARNING - `embedding_function` is expected to be an Embeddings object, support for passing in a function will soon be removed.
2025-12-01 16:48:26,718 - INFO - Loaded FAISS store 'skill_20251127_100500_b8cc08c1' (skill) from data/faiss_indices/skills/skill_20251127_100500_b8cc08c1
2025-12-01 16:48:26,720 - WARNING - `embedding_function` is expected to be an Embeddings object, support for passing in a function will soon be removed.
2025-12-01 16:48:26,720 - INFO - Loaded FAISS store 'skill_20251126_104649_f333015b' (skill) from data/faiss_indices/skills/skill_20251126_104649_f333015b
2025-12-01 16:48:26,721 - WARNING - `embedding_function` is expected to be an Embeddings object, support for passing in a function will soon be removed.
2025-12-01 16:48:26,721 - INFO - Loaded FAISS store 'skill_20251128_030424_b8cc08c1' (skill) from data/faiss_indices/skills/skill_20251128_030424_b8cc08c1
2025-12-01 16:48:26,721 - WARNING - `embedding_function` is expected to be an Embeddings object, support for passing in a function will soon be removed.
2025-12-01 16:48:26,721 - INFO - Loaded FAISS store 'skill_20251128_070644_b8cc08c1' (skill) from data/faiss_indices/skills/skill_20251128_070644_b8cc08c1
2025-12-01 16:48:26,722 - WARNING - `embedding_function` is expected to be an Embeddings object, support for passing in a function will soon be removed.
2025-12-01 16:48:26,722 - INFO - Loaded FAISS store 'skill_20251128_074913_b7380bf3' (skill) from data/faiss_indices/skills/skill_20251128_074913_b7380bf3
2025-12-01 16:48:26,725 - WARNING - `embedding_function` is expected to be an Embeddings object, support for passing in a function will soon be removed.
2025-12-01 16:48:26,725 - INFO - Loaded FAISS store 'skill_20251126_105138_b8cc08c1' (skill) from data/faiss_indices/skills/skill_20251126_105138_b8cc08c1
2025-12-01 16:48:26,725 - WARNING - `embedding_function` is expected to be an Embeddings object, support for passing in a function will soon be removed.
2025-12-01 16:48:26,725 - INFO - Loaded FAISS store 'skill_20251128_070451_b8cc08c1' (skill) from data/faiss_indices/skills/skill_20251128_070451_b8cc08c1
2025-12-01 16:48:26,725 - INFO - Loaded 10 FAISS stores from disk: ['skill_20251201_074336_d01fd9b0', 'skill_20251128_070013_b8cc08c1', 'skill_20251126_104421_4fdb3e9b', 'skill_20251127_100500_b8cc08c1', 'skill_20251126_104649_f333015b', 'skill_20251128_030424_b8cc08c1', 'skill_20251128_070644_b8cc08c1', 'skill_20251128_074913_b7380bf3', 'skill_20251126_105138_b8cc08c1', 'skill_20251128_070451_b8cc08c1']
2025-12-01 16:48:26,725 - INFO - Vector Store Provider initialized with backend: faiss
2025-12-01 16:48:26,725 - INFO - Skill Config Rebuilder 初始化完成
2025-12-01 16:48:26,725 - INFO -   配置文件: /home/mapleleaf/LCJRepos/gitprjs/DocAI/scripts/skill_data/skill_config.json
2025-12-01 16:48:26,725 - INFO -   Chunk Size: 1000
2025-12-01 16:48:26,725 - INFO -   Embedding Dimension: 1024
2025-12-01 16:48:26,725 - INFO - 
============================================================
2025-12-01 16:48:26,725 - INFO - 開始重建 Skills (from JSON config)
2025-12-01 16:48:26,725 - INFO - ============================================================
2025-12-01 16:48:26,725 - INFO - 
============================================================
2025-12-01 16:48:26,725 - INFO - 開始建立 Skill: 大語言模型大全
2025-12-01 16:48:26,725 - INFO - 描述: Large Language Model 基礎知識與實作
2025-12-01 16:48:26,725 - INFO - 類別: Technology
2025-12-01 16:48:26,725 - INFO - PDF 數量: 11
2025-12-01 16:48:26,725 - INFO - ============================================================
2025-12-01 16:48:26,725 - INFO - Skill ID: skill_20251201_084826_2a43e5ac
2025-12-01 16:48:26,725 - INFO -   處理 PDF: Build_a_Large_Language_Model_From_Scratch_manning_2024.pdf
2025-12-01 16:48:30,173 - INFO -     提取 370 頁 from Build_a_Large_Language_Model_From_Scratch_manning_2024.pdf
2025-12-01 16:48:30,173 - INFO - Generating embeddings for 1 texts...
2025-12-01 16:48:30,272 - INFO - ✅ Generated 1 embeddings (dim=1024)
2025-12-01 16:48:30,272 - INFO - Generating embeddings for 1 texts...
2025-12-01 16:48:30,605 - INFO - ✅ Generated 1 embeddings (dim=1024)
2025-12-01 16:48:30,606 - INFO - Generating embeddings for 1 texts...
2025-12-01 16:48:30,702 - INFO - ✅ Generated 1 embeddings (dim=1024)
2025-12-01 16:48:30,702 - INFO - Generating embeddings for 1 texts...
2025-12-01 16:48:30,781 - INFO - ✅ Generated 1 embeddings (dim=1024)
2025-12-01 16:48:30,781 - INFO - Generating embeddings for 1 texts...
2025-12-01 16:48:30,888 - INFO - ✅ Generated 1 embeddings (dim=1024)
2025-12-01 16:48:30,888 - INFO - Generating embeddings for 1 texts...
2025-12-01 16:48:31,524 - INFO - ✅ Generated 1 embeddings (dim=1024)
2025-12-01 16:48:31,524 - INFO - Generating embeddings for 1 texts...
2025-12-01 16:48:31,749 - INFO - ✅ Generated 1 embeddings (dim=1024)
2025-12-01 16:48:31,750 - INFO - Generating embeddings for 1 texts...
2025-12-01 16:48:31,827 - INFO - ✅ Generated 1 embeddings (dim=1024)
2025-12-01 16:48:31,827 - INFO - Generating embeddings for 1 texts...
2025-12-01 16:48:32,053 - INFO - ✅ Generated 1 embeddings (dim=1024)
2025-12-01 16:48:32,054 - INFO - Generating embeddings for 1 texts...
2025-12-01 16:48:32,458 - INFO - ✅ Generated 1 embeddings (dim=1024)
2025-12-01 16:48:32,458 - INFO - Generating embeddings for 1 texts...
2025-12-01 16:48:32,904 - INFO - ✅ Generated 1 embeddings (dim=1024)
2025-12-01 16:48:32,904 - INFO - Generating embeddings for 1 texts...
2025-12-01 16:48:33,067 - INFO - ✅ Generated 1 embeddings (dim=1024)
2025-12-01 16:48:33,067 - INFO - Generating embeddings for 1 texts...
2025-12-01 16:48:33,563 - INFO - ✅ Generated 1 embeddings (dim=1024)
2025-12-01 16:48:33,563 - INFO - Generating embeddings for 1 texts...
2025-12-01 16:48:33,787 - INFO - ✅ Generated 1 embeddings (dim=1024)
2025-12-01 16:48:33,787 - INFO - Generating embeddings for 1 texts...
2025-12-01 16:48:34,298 - INFO - ✅ Generated 1 embeddings (dim=1024)
2025-12-01 16:48:34,298 - INFO - Generating embeddings for 1 texts...
2025-12-01 16:48:34,486 - INFO - ✅ Generated 1 embeddings (dim=1024)
2025-12-01 16:48:34,486 - INFO - Generating embeddings for 1 texts...
2025-12-01 16:48:34,976 - INFO - ✅ Generated 1 embeddings (dim=1024)
2025-12-01 16:48:34,976 - INFO - Generating embeddings for 1 texts...
2025-12-01 16:48:35,973 - INFO - ✅ Generated 1 embeddings (dim=1024)
2025-12-01 16:48:35,974 - INFO - Generating embeddings for 1 texts...
2025-12-01 16:48:37,083 - INFO - ✅ Generated 1 embeddings (dim=1024)
2025-12-01 16:48:37,083 - INFO - Generating embeddings for 1 texts...
2025-12-01 16:48:37,688 - INFO - ✅ Generated 1 embeddings (dim=1024)
2025-12-01 16:48:37,688 - INFO - Generating embeddings for 1 texts...
2025-12-01 16:48:37,938 - INFO - ✅ Generated 1 embeddings (dim=1024)
2025-12-01 16:48:37,938 - INFO - Generating embeddings for 1 texts...
2025-12-01 16:48:38,177 - INFO - ✅ Generated 1 embeddings (dim=1024)
2025-12-01 16:48:38,177 - INFO - Generating embeddings for 1 texts...
2025-12-01 16:48:38,515 - INFO - ✅ Generated 1 embeddings (dim=1024)
2025-12-01 16:48:38,515 - INFO - Generating embeddings for 1 texts...
2025-12-01 16:48:39,385 - INFO - ✅ Generated 1 embeddings (dim=1024)
2025-12-01 16:48:39,385 - INFO - Generating embeddings for 1 texts...
2025-12-01 16:48:40,185 - INFO - ✅ Generated 1 embeddings (dim=1024)
2025-12-01 16:48:40,185 - INFO - Generating embeddings for 1 texts...
2025-12-01 16:48:41,089 - INFO - ✅ Generated 1 embeddings (dim=1024)
2025-12-01 16:48:41,089 - INFO - Generating embeddings for 1 texts...
2025-12-01 16:48:41,599 - INFO - ✅ Generated 1 embeddings (dim=1024)
2025-12-01 16:48:41,600 - INFO - Generating embeddings for 1 texts...
2025-12-01 16:48:42,297 - INFO - ✅ Generated 1 embeddings (dim=1024)
2025-12-01 16:48:42,297 - INFO - Generating embeddings for 1 texts...
2025-12-01 16:48:43,253 - INFO - ✅ Generated 1 embeddings (dim=1024)
2025-12-01 16:48:43,253 - INFO - Generating embeddings for 1 texts...
2025-12-01 16:48:43,859 - INFO - ✅ Generated 1 embeddings (dim=1024)
2025-12-01 16:48:43,860 - INFO - Generating embeddings for 1 texts...
2025-12-01 16:48:44,447 - INFO - ✅ Generated 1 embeddings (dim=1024)
2025-12-01 16:48:44,447 - INFO - Generating embeddings for 1 texts...
2025-12-01 16:48:45,076 - INFO - ✅ Generated 1 embeddings (dim=1024)
2025-12-01 16:48:45,076 - INFO - Generating embeddings for 1 texts...
2025-12-01 16:48:45,849 - INFO - ✅ Generated 1 embeddings (dim=1024)
2025-12-01 16:48:45,850 - INFO - Generating embeddings for 1 texts...
2025-12-01 16:48:46,770 - INFO - ✅ Generated 1 embeddings (dim=1024)
2025-12-01 16:48:46,770 - INFO - Generating embeddings for 1 texts...
2025-12-01 16:48:47,293 - INFO - ✅ Generated 1 embeddings (dim=1024)
2025-12-01 16:48:47,293 - INFO - Generating embeddings for 1 texts...
2025-12-01 16:48:47,902 - INFO - ✅ Generated 1 embeddings (dim=1024)
2025-12-01 16:48:47,902 - INFO - Generating embeddings for 1 texts...
2025-12-01 16:48:48,662 - INFO - ✅ Generated 1 embeddings (dim=1024)
2025-12-01 16:48:48,662 - INFO - Generating embeddings for 1 texts...
2025-12-01 16:48:48,822 - INFO - ✅ Generated 1 embeddings (dim=1024)
2025-12-01 16:48:48,822 - INFO - Generating embeddings for 1 texts...
2025-12-01 16:48:49,198 - INFO - ✅ Generated 1 embeddings (dim=1024)
2025-12-01 16:48:49,199 - INFO - Generating embeddings for 1 texts...
2025-12-01 16:48:49,924 - INFO - ✅ Generated 1 embeddings (dim=1024)
2025-12-01 16:48:49,924 - INFO - Generating embeddings for 1 texts...
2025-12-01 16:48:50,702 - INFO - ✅ Generated 1 embeddings (dim=1024)
2025-12-01 16:48:50,702 - INFO - Generating embeddings for 1 texts...
2025-12-01 16:48:51,402 - INFO - ✅ Generated 1 embeddings (dim=1024)
2025-12-01 16:48:51,402 - INFO - Generating embeddings for 1 texts...
2025-12-01 16:48:51,937 - INFO - ✅ Generated 1 embeddings (dim=1024)
2025-12-01 16:48:51,938 - INFO - Generating embeddings for 1 texts...
2025-12-01 16:48:52,725 - INFO - ✅ Generated 1 embeddings (dim=1024)
2025-12-01 16:48:52,725 - INFO - Generating embeddings for 1 texts...
2025-12-01 16:48:53,604 - INFO - ✅ Generated 1 embeddings (dim=1024)
2025-12-01 16:48:53,604 - INFO - Generating embeddings for 1 texts...
2025-12-01 16:48:54,417 - INFO - ✅ Generated 1 embeddings (dim=1024)
2025-12-01 16:48:54,417 - INFO - Generating embeddings for 1 texts...
2025-12-01 16:48:55,012 - INFO - ✅ Generated 1 embeddings (dim=1024)
2025-12-01 16:48:55,013 - INFO - Generating embeddings for 1 texts...
2025-12-01 16:48:55,422 - INFO - ✅ Generated 1 embeddings (dim=1024)
2025-12-01 16:48:55,422 - INFO - Generating embeddings for 1 texts...
2025-12-01 16:48:56,349 - INFO - ✅ Generated 1 embeddings (dim=1024)
2025-12-01 16:48:56,349 - INFO - Generating embeddings for 1 texts...
2025-12-01 16:48:56,962 - INFO - ✅ Generated 1 embeddings (dim=1024)
2025-12-01 16:48:56,962 - INFO - Generating embeddings for 1 texts...
2025-12-01 16:48:57,658 - INFO - ✅ Generated 1 embeddings (dim=1024)
2025-12-01 16:48:57,658 - INFO - Generating embeddings for 1 texts...
2025-12-01 16:48:58,557 - INFO - ✅ Generated 1 embeddings (dim=1024)
2025-12-01 16:48:58,557 - INFO - Generating embeddings for 1 texts...
2025-12-01 16:48:59,378 - INFO - ✅ Generated 1 embeddings (dim=1024)
2025-12-01 16:48:59,378 - INFO - Generating embeddings for 1 texts...
2025-12-01 16:49:00,383 - INFO - ✅ Generated 1 embeddings (dim=1024)
2025-12-01 16:49:00,383 - INFO - Generating embeddings for 1 texts...
2025-12-01 16:49:01,087 - INFO - ✅ Generated 1 embeddings (dim=1024)
2025-12-01 16:49:01,088 - INFO - Generating embeddings for 1 texts...
2025-12-01 16:49:02,109 - INFO - ✅ Generated 1 embeddings (dim=1024)
2025-12-01 16:49:02,109 - INFO - Generating embeddings for 1 texts...
2025-12-01 16:49:02,978 - INFO - ✅ Generated 1 embeddings (dim=1024)
2025-12-01 16:49:02,978 - INFO - Generating embeddings for 1 texts...
2025-12-01 16:49:03,701 - INFO - ✅ Generated 1 embeddings (dim=1024)
2025-12-01 16:49:03,701 - INFO - Generating embeddings for 1 texts...
2025-12-01 16:49:04,446 - INFO - ✅ Generated 1 embeddings (dim=1024)
2025-12-01 16:49:04,446 - INFO - Generating embeddings for 1 texts...
2025-12-01 16:49:05,306 - INFO - ✅ Generated 1 embeddings (dim=1024)
2025-12-01 16:49:05,307 - INFO - Generating embeddings for 1 texts...
2025-12-01 16:49:06,220 - INFO - ✅ Generated 1 embeddings (dim=1024)
2025-12-01 16:49:06,220 - INFO - Generating embeddings for 1 texts...
2025-12-01 16:49:06,900 - INFO - ✅ Generated 1 embeddings (dim=1024)
2025-12-01 16:49:06,900 - INFO - Generating embeddings for 1 texts...
2025-12-01 16:49:07,416 - INFO - ✅ Generated 1 embeddings (dim=1024)
2025-12-01 16:49:07,416 - INFO - Generating embeddings for 1 texts...
2025-12-01 16:49:08,247 - INFO - ✅ Generated 1 embeddings (dim=1024)
2025-12-01 16:49:08,248 - INFO - Generating embeddings for 1 texts...
2025-12-01 16:49:09,087 - INFO - ✅ Generated 1 embeddings (dim=1024)
2025-12-01 16:49:09,087 - INFO - Generating embeddings for 1 texts...
2025-12-01 16:49:09,853 - INFO - ✅ Generated 1 embeddings (dim=1024)
2025-12-01 16:49:09,853 - INFO - Generating embeddings for 1 texts...
2025-12-01 16:49:10,640 - INFO - ✅ Generated 1 embeddings (dim=1024)
2025-12-01 16:49:10,640 - INFO - Generating embeddings for 1 texts...
2025-12-01 16:49:11,404 - INFO - ✅ Generated 1 embeddings (dim=1024)
2025-12-01 16:49:11,405 - INFO - Generating embeddings for 1 texts...
2025-12-01 16:49:12,037 - INFO - ✅ Generated 1 embeddings (dim=1024)
2025-12-01 16:49:12,037 - INFO - Generating embeddings for 1 texts...
2025-12-01 16:49:12,511 - INFO - ✅ Generated 1 embeddings (dim=1024)
2025-12-01 16:49:12,511 - INFO - Generating embeddings for 1 texts...
2025-12-01 16:49:12,858 - INFO - ✅ Generated 1 embeddings (dim=1024)
2025-12-01 16:49:12,858 - INFO - Generating embeddings for 1 texts...
2025-12-01 16:49:13,165 - INFO - ✅ Generated 1 embeddings (dim=1024)
2025-12-01 16:49:13,165 - INFO - Generating embeddings for 1 texts...
2025-12-01 16:49:13,753 - INFO - ✅ Generated 1 embeddings (dim=1024)
2025-12-01 16:49:13,753 - INFO - Generating embeddings for 1 texts...
2025-12-01 16:49:14,409 - INFO - ✅ Generated 1 embeddings (dim=1024)
2025-12-01 16:49:14,410 - INFO - Generating embeddings for 1 texts...
2025-12-01 16:49:15,245 - INFO - ✅ Generated 1 embeddings (dim=1024)
2025-12-01 16:49:15,245 - INFO - Generating embeddings for 1 texts...
2025-12-01 16:49:15,902 - INFO - ✅ Generated 1 embeddings (dim=1024)
2025-12-01 16:49:15,902 - INFO - Generating embeddings for 1 texts...
2025-12-01 16:49:16,552 - INFO - ✅ Generated 1 embeddings (dim=1024)
2025-12-01 16:49:16,553 - INFO - Generating embeddings for 1 texts...
2025-12-01 16:49:17,188 - INFO - ✅ Generated 1 embeddings (dim=1024)
2025-12-01 16:49:17,188 - INFO - Generating embeddings for 1 texts...
2025-12-01 16:49:18,236 - INFO - ✅ Generated 1 embeddings (dim=1024)
2025-12-01 16:49:18,236 - INFO - Generating embeddings for 1 texts...
2025-12-01 16:49:18,904 - INFO - ✅ Generated 1 embeddings (dim=1024)
2025-12-01 16:49:18,904 - INFO - Generating embeddings for 1 texts...
2025-12-01 16:49:19,553 - INFO - ✅ Generated 1 embeddings (dim=1024)
2025-12-01 16:49:19,553 - INFO - Generating embeddings for 1 texts...
2025-12-01 16:49:20,391 - INFO - ✅ Generated 1 embeddings (dim=1024)
2025-12-01 16:49:20,392 - INFO - Generating embeddings for 1 texts...
2025-12-01 16:49:20,994 - INFO - ✅ Generated 1 embeddings (dim=1024)
2025-12-01 16:49:20,994 - INFO - Generating embeddings for 1 texts...
2025-12-01 16:49:21,794 - INFO - ✅ Generated 1 embeddings (dim=1024)
2025-12-01 16:49:21,795 - INFO - Generating embeddings for 1 texts...
2025-12-01 16:49:22,696 - INFO - ✅ Generated 1 embeddings (dim=1024)
2025-12-01 16:49:22,696 - INFO - Generating embeddings for 1 texts...
2025-12-01 16:49:23,243 - INFO - ✅ Generated 1 embeddings (dim=1024)
2025-12-01 16:49:23,243 - INFO - Generating embeddings for 1 texts...
2025-12-01 16:49:23,972 - INFO - ✅ Generated 1 embeddings (dim=1024)
2025-12-01 16:49:23,972 - INFO - Generating embeddings for 1 texts...
2025-12-01 16:49:24,722 - INFO - ✅ Generated 1 embeddings (dim=1024)
2025-12-01 16:49:24,722 - INFO - Generating embeddings for 1 texts...
2025-12-01 16:49:25,304 - INFO - ✅ Generated 1 embeddings (dim=1024)
2025-12-01 16:49:25,304 - INFO - Generating embeddings for 1 texts...
2025-12-01 16:49:25,811 - INFO - ✅ Generated 1 embeddings (dim=1024)
2025-12-01 16:49:25,811 - INFO - Generating embeddings for 1 texts...
2025-12-01 16:49:26,358 - INFO - ✅ Generated 1 embeddings (dim=1024)
2025-12-01 16:49:26,358 - INFO - Generating embeddings for 1 texts...
2025-12-01 16:49:27,172 - INFO - ✅ Generated 1 embeddings (dim=1024)
2025-12-01 16:49:27,172 - INFO - Generating embeddings for 1 texts...
2025-12-01 16:49:27,998 - INFO - ✅ Generated 1 embeddings (dim=1024)
2025-12-01 16:49:27,998 - INFO - Generating embeddings for 1 texts...
2025-12-01 16:49:28,698 - INFO - ✅ Generated 1 embeddings (dim=1024)
2025-12-01 16:49:28,699 - INFO - Generating embeddings for 1 texts...
2025-12-01 16:49:29,528 - INFO - ✅ Generated 1 embeddings (dim=1024)
2025-12-01 16:49:29,528 - INFO - Generating embeddings for 1 texts...
2025-12-01 16:49:30,371 - INFO - ✅ Generated 1 embeddings (dim=1024)
2025-12-01 16:49:30,371 - INFO - Generating embeddings for 1 texts...
2025-12-01 16:49:31,148 - INFO - ✅ Generated 1 embeddings (dim=1024)
2025-12-01 16:49:31,148 - INFO - Generating embeddings for 1 texts...
2025-12-01 16:49:31,990 - INFO - ✅ Generated 1 embeddings (dim=1024)
2025-12-01 16:49:31,991 - INFO - Generating embeddings for 1 texts...
2025-12-01 16:49:32,783 - INFO - ✅ Generated 1 embeddings (dim=1024)
2025-12-01 16:49:32,783 - INFO - Generating embeddings for 1 texts...
2025-12-01 16:49:33,595 - INFO - ✅ Generated 1 embeddings (dim=1024)
2025-12-01 16:49:33,595 - INFO - Generating embeddings for 1 texts...
2025-12-01 16:49:34,091 - INFO - ✅ Generated 1 embeddings (dim=1024)
2025-12-01 16:49:34,091 - INFO - Generating embeddings for 1 texts...
2025-12-01 16:49:34,879 - INFO - ✅ Generated 1 embeddings (dim=1024)
2025-12-01 16:49:34,879 - INFO - Generating embeddings for 1 texts...
2025-12-01 16:49:35,836 - INFO - ✅ Generated 1 embeddings (dim=1024)
2025-12-01 16:49:35,836 - INFO - Generating embeddings for 1 texts...
2025-12-01 16:49:36,646 - INFO - ✅ Generated 1 embeddings (dim=1024)
2025-12-01 16:49:36,646 - INFO - Generating embeddings for 1 texts...
2025-12-01 16:49:37,297 - INFO - ✅ Generated 1 embeddings (dim=1024)
2025-12-01 16:49:37,297 - INFO - Generating embeddings for 1 texts...
2025-12-01 16:49:38,199 - INFO - ✅ Generated 1 embeddings (dim=1024)
2025-12-01 16:49:38,199 - INFO - Generating embeddings for 1 texts...
2025-12-01 16:49:39,081 - INFO - ✅ Generated 1 embeddings (dim=1024)
2025-12-01 16:49:39,081 - INFO - Generating embeddings for 1 texts...
2025-12-01 16:49:39,981 - INFO - ✅ Generated 1 embeddings (dim=1024)
2025-12-01 16:49:39,981 - INFO - Generating embeddings for 1 texts...
2025-12-01 16:49:40,990 - INFO - ✅ Generated 1 embeddings (dim=1024)
2025-12-01 16:49:40,990 - INFO - Generating embeddings for 1 texts...
2025-12-01 16:49:41,572 - INFO - ✅ Generated 1 embeddings (dim=1024)
2025-12-01 16:49:41,572 - INFO - Generating embeddings for 1 texts...
2025-12-01 16:49:42,324 - INFO - ✅ Generated 1 embeddings (dim=1024)
2025-12-01 16:49:42,324 - INFO - Generating embeddings for 1 texts...
2025-12-01 16:49:43,103 - INFO - ✅ Generated 1 embeddings (dim=1024)
2025-12-01 16:49:43,103 - INFO - Generating embeddings for 1 texts...
2025-12-01 16:49:43,690 - INFO - ✅ Generated 1 embeddings (dim=1024)
2025-12-01 16:49:43,690 - INFO - Generating embeddings for 1 texts...
2025-12-01 16:49:44,048 - INFO - ✅ Generated 1 embeddings (dim=1024)
2025-12-01 16:49:44,048 - INFO - Generating embeddings for 1 texts...
2025-12-01 16:49:44,815 - INFO - ✅ Generated 1 embeddings (dim=1024)
2025-12-01 16:49:44,815 - INFO - Generating embeddings for 1 texts...
2025-12-01 16:49:45,410 - INFO - ✅ Generated 1 embeddings (dim=1024)
2025-12-01 16:49:45,410 - INFO - Generating embeddings for 1 texts...
2025-12-01 16:49:46,147 - INFO - ✅ Generated 1 embeddings (dim=1024)
2025-12-01 16:49:46,148 - INFO - Generating embeddings for 1 texts...
2025-12-01 16:49:46,881 - INFO - ✅ Generated 1 embeddings (dim=1024)
2025-12-01 16:49:46,881 - INFO - Generating embeddings for 1 texts...
2025-12-01 16:49:47,671 - INFO - ✅ Generated 1 embeddings (dim=1024)
2025-12-01 16:49:47,672 - INFO - Generating embeddings for 1 texts...
2025-12-01 16:49:48,273 - INFO - ✅ Generated 1 embeddings (dim=1024)
2025-12-01 16:49:48,274 - INFO - Generating embeddings for 1 texts...
2025-12-01 16:49:49,263 - INFO - ✅ Generated 1 embeddings (dim=1024)
2025-12-01 16:49:49,263 - INFO - Generating embeddings for 1 texts...
2025-12-01 16:49:49,887 - INFO - ✅ Generated 1 embeddings (dim=1024)
2025-12-01 16:49:49,888 - INFO - Generating embeddings for 1 texts...
2025-12-01 16:49:50,617 - INFO - ✅ Generated 1 embeddings (dim=1024)
2025-12-01 16:49:50,617 - INFO - Generating embeddings for 1 texts...
2025-12-01 16:49:51,430 - INFO - ✅ Generated 1 embeddings (dim=1024)
2025-12-01 16:49:51,430 - INFO - Generating embeddings for 1 texts...
2025-12-01 16:49:52,239 - INFO - ✅ Generated 1 embeddings (dim=1024)
2025-12-01 16:49:52,239 - INFO - Generating embeddings for 1 texts...
2025-12-01 16:49:52,833 - INFO - ✅ Generated 1 embeddings (dim=1024)
2025-12-01 16:49:52,833 - INFO - Generating embeddings for 1 texts...
2025-12-01 16:49:53,547 - INFO - ✅ Generated 1 embeddings (dim=1024)
2025-12-01 16:49:53,547 - INFO - Generating embeddings for 1 texts...
2025-12-01 16:49:54,215 - INFO - ✅ Generated 1 embeddings (dim=1024)
2025-12-01 16:49:54,216 - INFO - Generating embeddings for 1 texts...
2025-12-01 16:49:54,861 - INFO - ✅ Generated 1 embeddings (dim=1024)
2025-12-01 16:49:54,861 - INFO - Generating embeddings for 1 texts...
2025-12-01 16:49:55,426 - INFO - ✅ Generated 1 embeddings (dim=1024)
2025-12-01 16:49:55,426 - INFO - Generating embeddings for 1 texts...
2025-12-01 16:49:55,961 - INFO - ✅ Generated 1 embeddings (dim=1024)
2025-12-01 16:49:55,961 - INFO - Generating embeddings for 1 texts...
2025-12-01 16:49:56,507 - INFO - ✅ Generated 1 embeddings (dim=1024)
2025-12-01 16:49:56,507 - INFO - Generating embeddings for 1 texts...
2025-12-01 16:49:57,202 - INFO - ✅ Generated 1 embeddings (dim=1024)
2025-12-01 16:49:57,202 - INFO - Generating embeddings for 1 texts...
2025-12-01 16:49:57,951 - INFO - ✅ Generated 1 embeddings (dim=1024)
2025-12-01 16:49:57,951 - INFO - Generating embeddings for 1 texts...
2025-12-01 16:49:58,788 - INFO - ✅ Generated 1 embeddings (dim=1024)
2025-12-01 16:49:58,789 - INFO - Generating embeddings for 1 texts...
2025-12-01 16:49:59,185 - INFO - ✅ Generated 1 embeddings (dim=1024)
2025-12-01 16:49:59,185 - INFO - Generating embeddings for 1 texts...
2025-12-01 16:49:59,844 - INFO - ✅ Generated 1 embeddings (dim=1024)
2025-12-01 16:49:59,844 - INFO - Generating embeddings for 1 texts...
2025-12-01 16:50:00,513 - INFO - ✅ Generated 1 embeddings (dim=1024)
2025-12-01 16:50:00,513 - INFO - Generating embeddings for 1 texts...
2025-12-01 16:50:01,164 - INFO - ✅ Generated 1 embeddings (dim=1024)
2025-12-01 16:50:01,164 - INFO - Generating embeddings for 1 texts...
2025-12-01 16:50:01,633 - INFO - ✅ Generated 1 embeddings (dim=1024)
2025-12-01 16:50:01,633 - INFO - Generating embeddings for 1 texts...
2025-12-01 16:50:02,529 - INFO - ✅ Generated 1 embeddings (dim=1024)
2025-12-01 16:50:02,529 - INFO - Generating embeddings for 1 texts...
2025-12-01 16:50:03,433 - INFO - ✅ Generated 1 embeddings (dim=1024)
2025-12-01 16:50:03,433 - INFO - Generating embeddings for 1 texts...
2025-12-01 16:50:04,108 - INFO - ✅ Generated 1 embeddings (dim=1024)
2025-12-01 16:50:04,109 - INFO - Generating embeddings for 1 texts...
2025-12-01 16:50:04,985 - INFO - ✅ Generated 1 embeddings (dim=1024)
2025-12-01 16:50:04,985 - INFO - Generating embeddings for 1 texts...
2025-12-01 16:50:05,673 - INFO - ✅ Generated 1 embeddings (dim=1024)
2025-12-01 16:50:05,673 - INFO - Generating embeddings for 1 texts...
2025-12-01 16:50:06,568 - INFO - ✅ Generated 1 embeddings (dim=1024)
2025-12-01 16:50:06,568 - INFO - Generating embeddings for 1 texts...
2025-12-01 16:50:07,421 - INFO - ✅ Generated 1 embeddings (dim=1024)
2025-12-01 16:50:07,422 - INFO - Generating embeddings for 1 texts...
2025-12-01 16:50:08,009 - INFO - ✅ Generated 1 embeddings (dim=1024)
2025-12-01 16:50:08,009 - INFO - Generating embeddings for 1 texts...
2025-12-01 16:50:08,744 - INFO - ✅ Generated 1 embeddings (dim=1024)
2025-12-01 16:50:08,744 - INFO - Generating embeddings for 1 texts...
2025-12-01 16:50:09,037 - INFO - ✅ Generated 1 embeddings (dim=1024)
2025-12-01 16:50:09,038 - INFO - Generating embeddings for 1 texts...
2025-12-01 16:50:09,645 - INFO - ✅ Generated 1 embeddings (dim=1024)
2025-12-01 16:50:09,645 - INFO - Generating embeddings for 1 texts...
2025-12-01 16:50:10,254 - INFO - ✅ Generated 1 embeddings (dim=1024)
2025-12-01 16:50:10,254 - INFO - Generating embeddings for 1 texts...
2025-12-01 16:50:10,992 - INFO - ✅ Generated 1 embeddings (dim=1024)
2025-12-01 16:50:10,992 - INFO - Generating embeddings for 1 texts...
2025-12-01 16:50:11,751 - INFO - ✅ Generated 1 embeddings (dim=1024)
2025-12-01 16:50:11,751 - INFO - Generating embeddings for 1 texts...
2025-12-01 16:50:12,674 - INFO - ✅ Generated 1 embeddings (dim=1024)
2025-12-01 16:50:12,675 - INFO - Generating embeddings for 1 texts...
2025-12-01 16:50:13,463 - INFO - ✅ Generated 1 embeddings (dim=1024)
2025-12-01 16:50:13,463 - INFO - Generating embeddings for 1 texts...
2025-12-01 16:50:14,124 - INFO - ✅ Generated 1 embeddings (dim=1024)
2025-12-01 16:50:14,125 - INFO - Generating embeddings for 1 texts...
2025-12-01 16:50:14,840 - INFO - ✅ Generated 1 embeddings (dim=1024)
2025-12-01 16:50:14,840 - INFO - Generating embeddings for 1 texts...
2025-12-01 16:50:15,507 - INFO - ✅ Generated 1 embeddings (dim=1024)
2025-12-01 16:50:15,508 - INFO - Generating embeddings for 1 texts...
2025-12-01 16:50:16,246 - INFO - ✅ Generated 1 embeddings (dim=1024)
2025-12-01 16:50:16,246 - INFO - Generating embeddings for 1 texts...
2025-12-01 16:50:16,906 - INFO - ✅ Generated 1 embeddings (dim=1024)
2025-12-01 16:50:16,906 - INFO - Generating embeddings for 1 texts...
2025-12-01 16:50:17,545 - INFO - ✅ Generated 1 embeddings (dim=1024)
2025-12-01 16:50:17,545 - INFO - Generating embeddings for 1 texts...
2025-12-01 16:50:18,232 - INFO - ✅ Generated 1 embeddings (dim=1024)
2025-12-01 16:50:18,232 - INFO - Generating embeddings for 1 texts...
2025-12-01 16:50:19,596 - INFO - ✅ Generated 1 embeddings (dim=1024)
2025-12-01 16:50:19,597 - INFO - Generating embeddings for 1 texts...
2025-12-01 16:50:20,339 - INFO - ✅ Generated 1 embeddings (dim=1024)
2025-12-01 16:50:20,340 - INFO - Generating embeddings for 1 texts...
2025-12-01 16:50:21,174 - INFO - ✅ Generated 1 embeddings (dim=1024)
2025-12-01 16:50:21,174 - INFO - Generating embeddings for 1 texts...
2025-12-01 16:50:21,844 - INFO - ✅ Generated 1 embeddings (dim=1024)
2025-12-01 16:50:21,844 - INFO - Generating embeddings for 1 texts...
2025-12-01 16:50:22,399 - INFO - ✅ Generated 1 embeddings (dim=1024)
2025-12-01 16:50:22,399 - INFO - Generating embeddings for 1 texts...
2025-12-01 16:50:23,204 - INFO - ✅ Generated 1 embeddings (dim=1024)
2025-12-01 16:50:23,204 - INFO - Generating embeddings for 1 texts...
2025-12-01 16:50:23,979 - INFO - ✅ Generated 1 embeddings (dim=1024)
2025-12-01 16:50:23,980 - INFO - Generating embeddings for 1 texts...
2025-12-01 16:50:24,912 - INFO - ✅ Generated 1 embeddings (dim=1024)
2025-12-01 16:50:24,912 - INFO - Generating embeddings for 1 texts...
2025-12-01 16:50:25,609 - INFO - ✅ Generated 1 embeddings (dim=1024)
2025-12-01 16:50:25,609 - INFO - Generating embeddings for 1 texts...
2025-12-01 16:50:26,281 - INFO - ✅ Generated 1 embeddings (dim=1024)
2025-12-01 16:50:26,282 - INFO - Generating embeddings for 1 texts...
2025-12-01 16:50:26,910 - INFO - ✅ Generated 1 embeddings (dim=1024)
2025-12-01 16:50:26,910 - INFO - Generating embeddings for 1 texts...
2025-12-01 16:50:27,627 - INFO - ✅ Generated 1 embeddings (dim=1024)
2025-12-01 16:50:27,627 - INFO - Generating embeddings for 1 texts...
2025-12-01 16:50:28,422 - INFO - ✅ Generated 1 embeddings (dim=1024)
2025-12-01 16:50:28,422 - INFO - Generating embeddings for 1 texts...
2025-12-01 16:50:28,996 - INFO - ✅ Generated 1 embeddings (dim=1024)
2025-12-01 16:50:28,997 - INFO - Generating embeddings for 1 texts...
2025-12-01 16:50:29,921 - INFO - ✅ Generated 1 embeddings (dim=1024)
2025-12-01 16:50:29,921 - INFO - Generating embeddings for 1 texts...
2025-12-01 16:50:30,685 - INFO - ✅ Generated 1 embeddings (dim=1024)
2025-12-01 16:50:30,685 - INFO - Generating embeddings for 1 texts...
2025-12-01 16:50:31,402 - INFO - ✅ Generated 1 embeddings (dim=1024)
2025-12-01 16:50:31,402 - INFO - Generating embeddings for 1 texts...
2025-12-01 16:50:32,033 - INFO - ✅ Generated 1 embeddings (dim=1024)
2025-12-01 16:50:32,033 - INFO - Generating embeddings for 1 texts...
2025-12-01 16:50:32,794 - INFO - ✅ Generated 1 embeddings (dim=1024)
2025-12-01 16:50:32,795 - INFO - Generating embeddings for 1 texts...
2025-12-01 16:50:33,639 - INFO - ✅ Generated 1 embeddings (dim=1024)
2025-12-01 16:50:33,639 - INFO - Generating embeddings for 1 texts...
2025-12-01 16:50:34,593 - INFO - ✅ Generated 1 embeddings (dim=1024)
2025-12-01 16:50:34,593 - INFO - Generating embeddings for 1 texts...
2025-12-01 16:50:35,192 - INFO - ✅ Generated 1 embeddings (dim=1024)
2025-12-01 16:50:35,192 - INFO - Generating embeddings for 1 texts...
2025-12-01 16:50:36,174 - INFO - ✅ Generated 1 embeddings (dim=1024)
2025-12-01 16:50:36,174 - INFO - Generating embeddings for 1 texts...
2025-12-01 16:50:37,368 - INFO - ✅ Generated 1 embeddings (dim=1024)
2025-12-01 16:50:37,368 - INFO - Generating embeddings for 1 texts...
2025-12-01 16:50:38,628 - INFO - ✅ Generated 1 embeddings (dim=1024)
2025-12-01 16:50:38,628 - INFO - Generating embeddings for 1 texts...
2025-12-01 16:50:39,225 - INFO - ✅ Generated 1 embeddings (dim=1024)
2025-12-01 16:50:39,225 - INFO - Generating embeddings for 1 texts...
2025-12-01 16:50:39,442 - INFO - ✅ Generated 1 embeddings (dim=1024)
2025-12-01 16:50:39,442 - INFO - Generating embeddings for 1 texts...
2025-12-01 16:50:39,758 - INFO - ✅ Generated 1 embeddings (dim=1024)
2025-12-01 16:50:39,758 - INFO - Generating embeddings for 1 texts...
2025-12-01 16:50:40,321 - INFO - ✅ Generated 1 embeddings (dim=1024)
2025-12-01 16:50:40,322 - INFO - Generating embeddings for 1 texts...
2025-12-01 16:50:41,002 - INFO - ✅ Generated 1 embeddings (dim=1024)
2025-12-01 16:50:41,002 - INFO - Generating embeddings for 1 texts...
2025-12-01 16:50:41,580 - INFO - ✅ Generated 1 embeddings (dim=1024)
2025-12-01 16:50:41,580 - INFO - Generating embeddings for 1 texts...
2025-12-01 16:50:42,128 - INFO - ✅ Generated 1 embeddings (dim=1024)
2025-12-01 16:50:42,128 - INFO - Generating embeddings for 1 texts...
2025-12-01 16:50:42,819 - INFO - ✅ Generated 1 embeddings (dim=1024)
2025-12-01 16:50:42,820 - INFO - Generating embeddings for 1 texts...
2025-12-01 16:50:43,615 - INFO - ✅ Generated 1 embeddings (dim=1024)
2025-12-01 16:50:43,615 - INFO - Generating embeddings for 1 texts...
2025-12-01 16:50:44,559 - INFO - ✅ Generated 1 embeddings (dim=1024)
2025-12-01 16:50:44,560 - INFO - Generating embeddings for 1 texts...
2025-12-01 16:50:45,125 - INFO - ✅ Generated 1 embeddings (dim=1024)
2025-12-01 16:50:45,125 - INFO - Generating embeddings for 1 texts...
2025-12-01 16:50:45,788 - INFO - ✅ Generated 1 embeddings (dim=1024)
2025-12-01 16:50:45,788 - INFO - Generating embeddings for 1 texts...
2025-12-01 16:50:46,252 - INFO - ✅ Generated 1 embeddings (dim=1024)
2025-12-01 16:50:46,252 - INFO - Generating embeddings for 1 texts...
2025-12-01 16:50:46,812 - INFO - ✅ Generated 1 embeddings (dim=1024)
2025-12-01 16:50:46,812 - INFO - Generating embeddings for 1 texts...
2025-12-01 16:50:47,327 - INFO - ✅ Generated 1 embeddings (dim=1024)
2025-12-01 16:50:47,327 - INFO - Generating embeddings for 1 texts...
2025-12-01 16:50:48,188 - INFO - ✅ Generated 1 embeddings (dim=1024)
2025-12-01 16:50:48,188 - INFO - Generating embeddings for 1 texts...
2025-12-01 16:50:48,885 - INFO - ✅ Generated 1 embeddings (dim=1024)
2025-12-01 16:50:48,886 - INFO - Generating embeddings for 1 texts...
2025-12-01 16:50:49,234 - INFO - ✅ Generated 1 embeddings (dim=1024)
2025-12-01 16:50:49,234 - INFO - Generating embeddings for 1 texts...
2025-12-01 16:50:50,091 - INFO - ✅ Generated 1 embeddings (dim=1024)
2025-12-01 16:50:50,091 - INFO - Generating embeddings for 1 texts...
2025-12-01 16:50:50,771 - INFO - ✅ Generated 1 embeddings (dim=1024)
2025-12-01 16:50:50,771 - INFO - Generating embeddings for 1 texts...
2025-12-01 16:50:51,146 - INFO - ✅ Generated 1 embeddings (dim=1024)
2025-12-01 16:50:51,146 - INFO - Generating embeddings for 1 texts...
2025-12-01 16:50:51,852 - INFO - ✅ Generated 1 embeddings (dim=1024)
2025-12-01 16:50:51,852 - INFO - Generating embeddings for 1 texts...
2025-12-01 16:50:52,184 - INFO - ✅ Generated 1 embeddings (dim=1024)
2025-12-01 16:50:52,184 - INFO - Generating embeddings for 1 texts...
2025-12-01 16:50:52,905 - INFO - ✅ Generated 1 embeddings (dim=1024)
2025-12-01 16:50:52,906 - INFO - Generating embeddings for 1 texts...
2025-12-01 16:50:53,393 - INFO - ✅ Generated 1 embeddings (dim=1024)
2025-12-01 16:50:53,393 - INFO - Generating embeddings for 1 texts...
2025-12-01 16:50:54,088 - INFO - ✅ Generated 1 embeddings (dim=1024)
2025-12-01 16:50:54,089 - INFO - Generating embeddings for 1 texts...
2025-12-01 16:50:54,893 - INFO - ✅ Generated 1 embeddings (dim=1024)
2025-12-01 16:50:54,894 - INFO - Generating embeddings for 1 texts...
2025-12-01 16:50:55,593 - INFO - ✅ Generated 1 embeddings (dim=1024)
2025-12-01 16:50:55,593 - INFO - Generating embeddings for 1 texts...
2025-12-01 16:50:56,126 - INFO - ✅ Generated 1 embeddings (dim=1024)
2025-12-01 16:50:56,126 - INFO - Generating embeddings for 1 texts...
2025-12-01 16:50:56,944 - INFO - ✅ Generated 1 embeddings (dim=1024)
2025-12-01 16:50:56,944 - INFO - Generating embeddings for 1 texts...
2025-12-01 16:50:57,802 - INFO - ✅ Generated 1 embeddings (dim=1024)
2025-12-01 16:50:57,802 - INFO - Generating embeddings for 1 texts...
2025-12-01 16:50:58,444 - INFO - ✅ Generated 1 embeddings (dim=1024)
2025-12-01 16:50:58,444 - INFO - Generating embeddings for 1 texts...
2025-12-01 16:50:59,073 - INFO - ✅ Generated 1 embeddings (dim=1024)
2025-12-01 16:50:59,073 - INFO - Generating embeddings for 1 texts...
2025-12-01 16:50:59,769 - INFO - ✅ Generated 1 embeddings (dim=1024)
2025-12-01 16:50:59,769 - INFO - Generating embeddings for 1 texts...
2025-12-01 16:51:00,336 - INFO - ✅ Generated 1 embeddings (dim=1024)
2025-12-01 16:51:00,336 - INFO - Generating embeddings for 1 texts...
2025-12-01 16:51:01,009 - INFO - ✅ Generated 1 embeddings (dim=1024)
2025-12-01 16:51:01,009 - INFO - Generating embeddings for 1 texts...
2025-12-01 16:51:01,180 - INFO - ✅ Generated 1 embeddings (dim=1024)
2025-12-01 16:51:01,180 - INFO - Generating embeddings for 1 texts...
2025-12-01 16:51:01,500 - INFO - ✅ Generated 1 embeddings (dim=1024)
2025-12-01 16:51:01,500 - INFO - Generating embeddings for 1 texts...
2025-12-01 16:51:02,159 - INFO - ✅ Generated 1 embeddings (dim=1024)
2025-12-01 16:51:02,159 - INFO - Generating embeddings for 1 texts...
2025-12-01 16:51:02,558 - INFO - ✅ Generated 1 embeddings (dim=1024)
2025-12-01 16:51:02,558 - INFO - Generating embeddings for 1 texts...
2025-12-01 16:51:03,169 - INFO - ✅ Generated 1 embeddings (dim=1024)
2025-12-01 16:51:03,169 - INFO - Generating embeddings for 1 texts...
2025-12-01 16:51:03,842 - INFO - ✅ Generated 1 embeddings (dim=1024)
2025-12-01 16:51:03,843 - INFO - Generating embeddings for 1 texts...
2025-12-01 16:51:04,479 - INFO - ✅ Generated 1 embeddings (dim=1024)
2025-12-01 16:51:04,479 - INFO - Generating embeddings for 1 texts...
2025-12-01 16:51:05,083 - INFO - ✅ Generated 1 embeddings (dim=1024)
2025-12-01 16:51:05,083 - INFO - Generating embeddings for 1 texts...
2025-12-01 16:51:05,642 - INFO - ✅ Generated 1 embeddings (dim=1024)
2025-12-01 16:51:05,643 - INFO - Generating embeddings for 1 texts...
2025-12-01 16:51:06,422 - INFO - ✅ Generated 1 embeddings (dim=1024)
2025-12-01 16:51:06,422 - INFO - Generating embeddings for 1 texts...
2025-12-01 16:51:07,142 - INFO - ✅ Generated 1 embeddings (dim=1024)
2025-12-01 16:51:07,142 - INFO - Generating embeddings for 1 texts...
2025-12-01 16:51:07,849 - INFO - ✅ Generated 1 embeddings (dim=1024)
2025-12-01 16:51:07,850 - INFO - Generating embeddings for 1 texts...
2025-12-01 16:51:08,468 - INFO - ✅ Generated 1 embeddings (dim=1024)
2025-12-01 16:51:08,468 - INFO - Generating embeddings for 1 texts...
2025-12-01 16:51:09,312 - INFO - ✅ Generated 1 embeddings (dim=1024)
2025-12-01 16:51:09,312 - INFO - Generating embeddings for 1 texts...
2025-12-01 16:51:09,743 - INFO - ✅ Generated 1 embeddings (dim=1024)
2025-12-01 16:51:09,743 - INFO - Generating embeddings for 1 texts...
2025-12-01 16:51:10,545 - INFO - ✅ Generated 1 embeddings (dim=1024)
2025-12-01 16:51:10,545 - INFO - Generating embeddings for 1 texts...
2025-12-01 16:51:11,412 - INFO - ✅ Generated 1 embeddings (dim=1024)
2025-12-01 16:51:11,412 - INFO - Generating embeddings for 1 texts...
2025-12-01 16:51:12,109 - INFO - ✅ Generated 1 embeddings (dim=1024)
2025-12-01 16:51:12,109 - INFO - Generating embeddings for 1 texts...
2025-12-01 16:51:12,841 - INFO - ✅ Generated 1 embeddings (dim=1024)
2025-12-01 16:51:12,841 - INFO - Generating embeddings for 1 texts...
2025-12-01 16:51:13,809 - INFO - ✅ Generated 1 embeddings (dim=1024)
2025-12-01 16:51:13,809 - INFO - Generating embeddings for 1 texts...
2025-12-01 16:51:14,443 - INFO - ✅ Generated 1 embeddings (dim=1024)
2025-12-01 16:51:14,443 - INFO - Generating embeddings for 1 texts...
2025-12-01 16:51:15,145 - INFO - ✅ Generated 1 embeddings (dim=1024)
2025-12-01 16:51:15,145 - INFO - Generating embeddings for 1 texts...
2025-12-01 16:51:15,717 - INFO - ✅ Generated 1 embeddings (dim=1024)
2025-12-01 16:51:15,717 - INFO - Generating embeddings for 1 texts...
2025-12-01 16:51:16,370 - INFO - ✅ Generated 1 embeddings (dim=1024)
2025-12-01 16:51:16,370 - INFO - Generating embeddings for 1 texts...
2025-12-01 16:51:17,299 - INFO - ✅ Generated 1 embeddings (dim=1024)
2025-12-01 16:51:17,299 - INFO - Generating embeddings for 1 texts...
2025-12-01 16:51:18,061 - INFO - ✅ Generated 1 embeddings (dim=1024)
2025-12-01 16:51:18,061 - INFO - Generating embeddings for 1 texts...
2025-12-01 16:51:18,611 - INFO - ✅ Generated 1 embeddings (dim=1024)
2025-12-01 16:51:18,611 - INFO - Generating embeddings for 1 texts...
2025-12-01 16:51:19,194 - INFO - ✅ Generated 1 embeddings (dim=1024)
2025-12-01 16:51:19,194 - INFO - Generating embeddings for 1 texts...
2025-12-01 16:51:19,885 - INFO - ✅ Generated 1 embeddings (dim=1024)
2025-12-01 16:51:19,885 - INFO - Generating embeddings for 1 texts...
2025-12-01 16:51:20,826 - INFO - ✅ Generated 1 embeddings (dim=1024)
2025-12-01 16:51:20,826 - INFO - Generating embeddings for 1 texts...
2025-12-01 16:51:21,437 - INFO - ✅ Generated 1 embeddings (dim=1024)
2025-12-01 16:51:21,438 - INFO - Generating embeddings for 1 texts...
2025-12-01 16:51:21,997 - INFO - ✅ Generated 1 embeddings (dim=1024)
2025-12-01 16:51:21,997 - INFO - Generating embeddings for 1 texts...
2025-12-01 16:51:22,426 - INFO - ✅ Generated 1 embeddings (dim=1024)
2025-12-01 16:51:22,426 - INFO - Generating embeddings for 1 texts...
2025-12-01 16:51:23,132 - INFO - ✅ Generated 1 embeddings (dim=1024)
2025-12-01 16:51:23,132 - INFO - Generating embeddings for 1 texts...
2025-12-01 16:51:23,941 - INFO - ✅ Generated 1 embeddings (dim=1024)
2025-12-01 16:51:23,941 - INFO - Generating embeddings for 1 texts...
2025-12-01 16:51:24,695 - INFO - ✅ Generated 1 embeddings (dim=1024)
2025-12-01 16:51:24,695 - INFO - Generating embeddings for 1 texts...
2025-12-01 16:51:25,280 - INFO - ✅ Generated 1 embeddings (dim=1024)
2025-12-01 16:51:25,280 - INFO - Generating embeddings for 1 texts...
2025-12-01 16:51:25,778 - INFO - ✅ Generated 1 embeddings (dim=1024)
2025-12-01 16:51:25,778 - INFO - Generating embeddings for 1 texts...
2025-12-01 16:51:26,399 - INFO - ✅ Generated 1 embeddings (dim=1024)
2025-12-01 16:51:26,399 - INFO - Generating embeddings for 1 texts...
2025-12-01 16:51:26,971 - INFO - ✅ Generated 1 embeddings (dim=1024)
2025-12-01 16:51:26,971 - INFO - Generating embeddings for 1 texts...
2025-12-01 16:51:27,551 - INFO - ✅ Generated 1 embeddings (dim=1024)
2025-12-01 16:51:27,551 - INFO - Generating embeddings for 1 texts...
2025-12-01 16:51:28,128 - INFO - ✅ Generated 1 embeddings (dim=1024)
2025-12-01 16:51:28,129 - INFO - Generating embeddings for 1 texts...
2025-12-01 16:51:28,563 - INFO - ✅ Generated 1 embeddings (dim=1024)
2025-12-01 16:51:28,563 - INFO - Generating embeddings for 1 texts...
2025-12-01 16:51:29,329 - INFO - ✅ Generated 1 embeddings (dim=1024)
2025-12-01 16:51:29,329 - INFO - Generating embeddings for 1 texts...
2025-12-01 16:51:30,139 - INFO - ✅ Generated 1 embeddings (dim=1024)
2025-12-01 16:51:30,139 - INFO - Generating embeddings for 1 texts...
2025-12-01 16:51:30,846 - INFO - ✅ Generated 1 embeddings (dim=1024)
2025-12-01 16:51:30,846 - INFO - Generating embeddings for 1 texts...
2025-12-01 16:51:31,346 - INFO - ✅ Generated 1 embeddings (dim=1024)
2025-12-01 16:51:31,346 - INFO - Generating embeddings for 1 texts...
2025-12-01 16:51:31,421 - INFO - ✅ Generated 1 embeddings (dim=1024)
2025-12-01 16:51:31,421 - INFO - Generating embeddings for 1 texts...
2025-12-01 16:51:32,011 - INFO - ✅ Generated 1 embeddings (dim=1024)
2025-12-01 16:51:32,011 - INFO - Generating embeddings for 1 texts...
2025-12-01 16:51:32,660 - INFO - ✅ Generated 1 embeddings (dim=1024)
2025-12-01 16:51:32,660 - INFO - Generating embeddings for 1 texts...
2025-12-01 16:51:33,434 - INFO - ✅ Generated 1 embeddings (dim=1024)
2025-12-01 16:51:33,434 - INFO - Generating embeddings for 1 texts...
2025-12-01 16:51:33,951 - INFO - ✅ Generated 1 embeddings (dim=1024)
2025-12-01 16:51:33,951 - INFO - Generating embeddings for 1 texts...
2025-12-01 16:51:34,480 - INFO - ✅ Generated 1 embeddings (dim=1024)
2025-12-01 16:51:34,480 - INFO - Generating embeddings for 1 texts...
2025-12-01 16:51:35,051 - INFO - ✅ Generated 1 embeddings (dim=1024)
2025-12-01 16:51:35,051 - INFO - Generating embeddings for 1 texts...
2025-12-01 16:51:35,537 - INFO - ✅ Generated 1 embeddings (dim=1024)
2025-12-01 16:51:35,537 - INFO - Generating embeddings for 1 texts...
2025-12-01 16:51:36,497 - INFO - ✅ Generated 1 embeddings (dim=1024)
2025-12-01 16:51:36,498 - INFO - Generating embeddings for 1 texts...
2025-12-01 16:51:37,209 - INFO - ✅ Generated 1 embeddings (dim=1024)
2025-12-01 16:51:37,209 - INFO - Generating embeddings for 1 texts...
2025-12-01 16:51:37,862 - INFO - ✅ Generated 1 embeddings (dim=1024)
2025-12-01 16:51:37,862 - INFO - Generating embeddings for 1 texts...
2025-12-01 16:51:38,729 - INFO - ✅ Generated 1 embeddings (dim=1024)
2025-12-01 16:51:38,729 - INFO - Generating embeddings for 1 texts...
2025-12-01 16:51:39,344 - INFO - ✅ Generated 1 embeddings (dim=1024)
2025-12-01 16:51:39,344 - INFO - Generating embeddings for 1 texts...
2025-12-01 16:51:39,962 - INFO - ✅ Generated 1 embeddings (dim=1024)
2025-12-01 16:51:39,962 - INFO - Generating embeddings for 1 texts...
2025-12-01 16:51:40,691 - INFO - ✅ Generated 1 embeddings (dim=1024)
2025-12-01 16:51:40,691 - INFO - Generating embeddings for 1 texts...
2025-12-01 16:51:41,327 - INFO - ✅ Generated 1 embeddings (dim=1024)
2025-12-01 16:51:41,327 - INFO - Generating embeddings for 1 texts...
2025-12-01 16:51:42,001 - INFO - ✅ Generated 1 embeddings (dim=1024)
2025-12-01 16:51:42,001 - INFO - Generating embeddings for 1 texts...
2025-12-01 16:51:42,788 - INFO - ✅ Generated 1 embeddings (dim=1024)
2025-12-01 16:51:42,789 - INFO - Generating embeddings for 1 texts...
2025-12-01 16:51:43,581 - INFO - ✅ Generated 1 embeddings (dim=1024)
2025-12-01 16:51:43,581 - INFO - Generating embeddings for 1 texts...
2025-12-01 16:51:44,305 - INFO - ✅ Generated 1 embeddings (dim=1024)
2025-12-01 16:51:44,305 - INFO - Generating embeddings for 1 texts...
2025-12-01 16:51:44,915 - INFO - ✅ Generated 1 embeddings (dim=1024)
2025-12-01 16:51:44,915 - INFO - Generating embeddings for 1 texts...
2025-12-01 16:51:45,740 - INFO - ✅ Generated 1 embeddings (dim=1024)
2025-12-01 16:51:45,740 - INFO - Generating embeddings for 1 texts...
2025-12-01 16:51:46,420 - INFO - ✅ Generated 1 embeddings (dim=1024)
2025-12-01 16:51:46,420 - INFO - Generating embeddings for 1 texts...
2025-12-01 16:51:47,287 - INFO - ✅ Generated 1 embeddings (dim=1024)
2025-12-01 16:51:47,287 - INFO - Generating embeddings for 1 texts...
2025-12-01 16:51:47,899 - INFO - ✅ Generated 1 embeddings (dim=1024)
2025-12-01 16:51:47,899 - INFO - Generating embeddings for 1 texts...
2025-12-01 16:51:48,800 - INFO - ✅ Generated 1 embeddings (dim=1024)
2025-12-01 16:51:48,800 - INFO - Generating embeddings for 1 texts...
2025-12-01 16:51:49,490 - INFO - ✅ Generated 1 embeddings (dim=1024)
2025-12-01 16:51:49,490 - INFO - Generating embeddings for 1 texts...
2025-12-01 16:51:50,010 - INFO - ✅ Generated 1 embeddings (dim=1024)
2025-12-01 16:51:50,010 - INFO - Generating embeddings for 1 texts...
2025-12-01 16:51:50,630 - INFO - ✅ Generated 1 embeddings (dim=1024)
2025-12-01 16:51:50,631 - INFO - Generating embeddings for 1 texts...
2025-12-01 16:51:51,510 - INFO - ✅ Generated 1 embeddings (dim=1024)
2025-12-01 16:51:51,510 - INFO - Generating embeddings for 1 texts...
2025-12-01 16:51:52,180 - INFO - ✅ Generated 1 embeddings (dim=1024)
2025-12-01 16:51:52,180 - INFO - Generating embeddings for 1 texts...
2025-12-01 16:51:53,074 - INFO - ✅ Generated 1 embeddings (dim=1024)
2025-12-01 16:51:53,074 - INFO - Generating embeddings for 1 texts...
2025-12-01 16:51:53,775 - INFO - ✅ Generated 1 embeddings (dim=1024)
2025-12-01 16:51:53,775 - INFO - Generating embeddings for 1 texts...
2025-12-01 16:51:54,223 - INFO - ✅ Generated 1 embeddings (dim=1024)
2025-12-01 16:51:54,223 - INFO - Generating embeddings for 1 texts...
2025-12-01 16:51:55,130 - INFO - ✅ Generated 1 embeddings (dim=1024)
2025-12-01 16:51:55,130 - INFO - Generating embeddings for 1 texts...
2025-12-01 16:51:56,074 - INFO - ✅ Generated 1 embeddings (dim=1024)
2025-12-01 16:51:56,074 - INFO - Generating embeddings for 1 texts...
2025-12-01 16:51:57,060 - INFO - ✅ Generated 1 embeddings (dim=1024)
2025-12-01 16:51:57,061 - INFO - Generating embeddings for 1 texts...
2025-12-01 16:51:57,966 - INFO - ✅ Generated 1 embeddings (dim=1024)
2025-12-01 16:51:57,967 - INFO - Generating embeddings for 1 texts...
2025-12-01 16:51:58,515 - INFO - ✅ Generated 1 embeddings (dim=1024)
2025-12-01 16:51:58,515 - INFO - Generating embeddings for 1 texts...
2025-12-01 16:51:58,975 - INFO - ✅ Generated 1 embeddings (dim=1024)
2025-12-01 16:51:58,975 - INFO - Generating embeddings for 1 texts...
2025-12-01 16:51:59,875 - INFO - ✅ Generated 1 embeddings (dim=1024)
2025-12-01 16:51:59,875 - INFO - Generating embeddings for 1 texts...
2025-12-01 16:52:00,639 - INFO - ✅ Generated 1 embeddings (dim=1024)
2025-12-01 16:52:00,639 - INFO - Generating embeddings for 1 texts...
2025-12-01 16:52:01,478 - INFO - ✅ Generated 1 embeddings (dim=1024)
2025-12-01 16:52:01,478 - INFO - Generating embeddings for 1 texts...
2025-12-01 16:52:02,334 - INFO - ✅ Generated 1 embeddings (dim=1024)
2025-12-01 16:52:02,335 - INFO - Generating embeddings for 1 texts...
2025-12-01 16:52:03,242 - INFO - ✅ Generated 1 embeddings (dim=1024)
2025-12-01 16:52:03,242 - INFO - Generating embeddings for 1 texts...
2025-12-01 16:52:04,081 - INFO - ✅ Generated 1 embeddings (dim=1024)
2025-12-01 16:52:04,081 - INFO - Generating embeddings for 1 texts...
2025-12-01 16:52:05,001 - INFO - ✅ Generated 1 embeddings (dim=1024)
2025-12-01 16:52:05,002 - INFO - Generating embeddings for 1 texts...
2025-12-01 16:52:05,951 - INFO - ✅ Generated 1 embeddings (dim=1024)
2025-12-01 16:52:05,951 - INFO - Generating embeddings for 1 texts...
2025-12-01 16:52:06,768 - INFO - ✅ Generated 1 embeddings (dim=1024)
2025-12-01 16:52:06,768 - INFO - Generating embeddings for 1 texts...
2025-12-01 16:52:07,011 - INFO - ✅ Generated 1 embeddings (dim=1024)
2025-12-01 16:52:07,011 - INFO - Generating embeddings for 1 texts...
2025-12-01 16:52:07,299 - INFO - ✅ Generated 1 embeddings (dim=1024)
2025-12-01 16:52:07,299 - INFO - Generating embeddings for 1 texts...
2025-12-01 16:52:07,908 - INFO - ✅ Generated 1 embeddings (dim=1024)
2025-12-01 16:52:07,909 - INFO - Generating embeddings for 1 texts...
2025-12-01 16:52:08,529 - INFO - ✅ Generated 1 embeddings (dim=1024)
2025-12-01 16:52:08,529 - INFO - Generating embeddings for 1 texts...
2025-12-01 16:52:09,149 - INFO - ✅ Generated 1 embeddings (dim=1024)
2025-12-01 16:52:09,150 - INFO - Generating embeddings for 1 texts...
2025-12-01 16:52:09,943 - INFO - ✅ Generated 1 embeddings (dim=1024)
2025-12-01 16:52:09,943 - INFO - Generating embeddings for 1 texts...
2025-12-01 16:52:10,633 - INFO - ✅ Generated 1 embeddings (dim=1024)
2025-12-01 16:52:10,634 - INFO - Generating embeddings for 1 texts...
2025-12-01 16:52:11,298 - INFO - ✅ Generated 1 embeddings (dim=1024)
2025-12-01 16:52:11,298 - INFO - Generating embeddings for 1 texts...
2025-12-01 16:52:11,928 - INFO - ✅ Generated 1 embeddings (dim=1024)
2025-12-01 16:52:11,928 - INFO - Generating embeddings for 1 texts...
2025-12-01 16:52:12,581 - INFO - ✅ Generated 1 embeddings (dim=1024)
2025-12-01 16:52:12,581 - INFO - Generating embeddings for 1 texts...
2025-12-01 16:52:13,366 - INFO - ✅ Generated 1 embeddings (dim=1024)
2025-12-01 16:52:13,366 - INFO - Generating embeddings for 1 texts...
2025-12-01 16:52:14,045 - INFO - ✅ Generated 1 embeddings (dim=1024)
2025-12-01 16:52:14,045 - INFO - Generating embeddings for 1 texts...
2025-12-01 16:52:14,599 - INFO - ✅ Generated 1 embeddings (dim=1024)
2025-12-01 16:52:14,599 - INFO - Generating embeddings for 1 texts...
2025-12-01 16:52:14,728 - INFO - ✅ Generated 1 embeddings (dim=1024)
2025-12-01 16:52:14,728 - INFO - Generating embeddings for 1 texts...
2025-12-01 16:52:15,160 - INFO - ✅ Generated 1 embeddings (dim=1024)
2025-12-01 16:52:15,160 - INFO - Generating embeddings for 1 texts...
2025-12-01 16:52:15,834 - INFO - ✅ Generated 1 embeddings (dim=1024)
2025-12-01 16:52:15,834 - INFO - Generating embeddings for 1 texts...
2025-12-01 16:52:16,566 - INFO - ✅ Generated 1 embeddings (dim=1024)
2025-12-01 16:52:16,566 - INFO - Generating embeddings for 1 texts...
2025-12-01 16:52:17,181 - INFO - ✅ Generated 1 embeddings (dim=1024)
2025-12-01 16:52:17,181 - INFO - Generating embeddings for 1 texts...
2025-12-01 16:52:17,793 - INFO - ✅ Generated 1 embeddings (dim=1024)
2025-12-01 16:52:17,794 - INFO - Generating embeddings for 1 texts...
2025-12-01 16:52:18,383 - INFO - ✅ Generated 1 embeddings (dim=1024)
2025-12-01 16:52:18,383 - INFO - Generating embeddings for 1 texts...
2025-12-01 16:52:19,154 - INFO - ✅ Generated 1 embeddings (dim=1024)
2025-12-01 16:52:19,155 - INFO - Generating embeddings for 1 texts...
2025-12-01 16:52:19,927 - INFO - ✅ Generated 1 embeddings (dim=1024)
2025-12-01 16:52:19,927 - INFO - Generating embeddings for 1 texts...
2025-12-01 16:52:20,435 - INFO - ✅ Generated 1 embeddings (dim=1024)
2025-12-01 16:52:20,435 - INFO - Generating embeddings for 1 texts...
2025-12-01 16:52:20,940 - INFO - ✅ Generated 1 embeddings (dim=1024)
2025-12-01 16:52:20,940 - INFO - Generating embeddings for 1 texts...
2025-12-01 16:52:21,592 - INFO - ✅ Generated 1 embeddings (dim=1024)
2025-12-01 16:52:21,592 - INFO - Generating embeddings for 1 texts...
2025-12-01 16:52:22,394 - INFO - ✅ Generated 1 embeddings (dim=1024)
2025-12-01 16:52:22,394 - INFO - Generating embeddings for 1 texts...
2025-12-01 16:52:22,948 - INFO - ✅ Generated 1 embeddings (dim=1024)
2025-12-01 16:52:22,948 - INFO - Generating embeddings for 1 texts...
2025-12-01 16:52:23,501 - INFO - ✅ Generated 1 embeddings (dim=1024)
2025-12-01 16:52:23,501 - INFO - Generating embeddings for 1 texts...
2025-12-01 16:52:24,330 - INFO - ✅ Generated 1 embeddings (dim=1024)
2025-12-01 16:52:24,331 - INFO - Generating embeddings for 1 texts...
2025-12-01 16:52:24,900 - INFO - ✅ Generated 1 embeddings (dim=1024)
2025-12-01 16:52:24,900 - INFO - Generating embeddings for 1 texts...
2025-12-01 16:52:25,586 - INFO - ✅ Generated 1 embeddings (dim=1024)
2025-12-01 16:52:25,586 - INFO - Generating embeddings for 1 texts...
2025-12-01 16:52:26,299 - INFO - ✅ Generated 1 embeddings (dim=1024)
2025-12-01 16:52:26,299 - INFO - Generating embeddings for 1 texts...
2025-12-01 16:52:26,640 - INFO - ✅ Generated 1 embeddings (dim=1024)
2025-12-01 16:52:26,640 - INFO - Generating embeddings for 1 texts...
2025-12-01 16:52:27,404 - INFO - ✅ Generated 1 embeddings (dim=1024)
2025-12-01 16:52:27,404 - INFO - Generating embeddings for 1 texts...
2025-12-01 16:52:28,084 - INFO - ✅ Generated 1 embeddings (dim=1024)
2025-12-01 16:52:28,084 - INFO - Generating embeddings for 1 texts...
2025-12-01 16:52:28,911 - INFO - ✅ Generated 1 embeddings (dim=1024)
2025-12-01 16:52:28,911 - INFO - Generating embeddings for 1 texts...
2025-12-01 16:52:29,650 - INFO - ✅ Generated 1 embeddings (dim=1024)
2025-12-01 16:52:29,650 - INFO - Generating embeddings for 1 texts...
2025-12-01 16:52:29,928 - INFO - ✅ Generated 1 embeddings (dim=1024)
2025-12-01 16:52:29,928 - INFO - Generating embeddings for 1 texts...
2025-12-01 16:52:30,466 - INFO - ✅ Generated 1 embeddings (dim=1024)
2025-12-01 16:52:30,466 - INFO - Generating embeddings for 1 texts...
2025-12-01 16:52:31,307 - INFO - ✅ Generated 1 embeddings (dim=1024)
2025-12-01 16:52:31,307 - INFO - Generating embeddings for 1 texts...
2025-12-01 16:52:32,238 - INFO - ✅ Generated 1 embeddings (dim=1024)
2025-12-01 16:52:32,239 - INFO - Generating embeddings for 1 texts...
2025-12-01 16:52:33,155 - INFO - ✅ Generated 1 embeddings (dim=1024)
2025-12-01 16:52:33,155 - INFO - Generating embeddings for 1 texts...
2025-12-01 16:52:33,946 - INFO - ✅ Generated 1 embeddings (dim=1024)
2025-12-01 16:52:33,946 - INFO - Generating embeddings for 1 texts...
2025-12-01 16:52:34,934 - INFO - ✅ Generated 1 embeddings (dim=1024)
2025-12-01 16:52:34,934 - INFO - Generating embeddings for 1 texts...
2025-12-01 16:52:35,442 - INFO - ✅ Generated 1 embeddings (dim=1024)
2025-12-01 16:52:35,442 - INFO - Generating embeddings for 1 texts...
2025-12-01 16:52:35,651 - INFO - ✅ Generated 1 embeddings (dim=1024)
2025-12-01 16:52:35,651 - INFO - Generating embeddings for 1 texts...
2025-12-01 16:52:36,038 - INFO - ✅ Generated 1 embeddings (dim=1024)
2025-12-01 16:52:36,038 - INFO - Generating embeddings for 1 texts...
2025-12-01 16:52:36,478 - INFO - ✅ Generated 1 embeddings (dim=1024)
2025-12-01 16:52:36,478 - INFO - Generating embeddings for 1 texts...
2025-12-01 16:52:36,871 - INFO - ✅ Generated 1 embeddings (dim=1024)
2025-12-01 16:52:36,872 - INFO - Generating embeddings for 1 texts...
2025-12-01 16:52:37,526 - INFO - ✅ Generated 1 embeddings (dim=1024)
2025-12-01 16:52:37,526 - INFO -     完成 Build_a_Large_Language_Model_From_Scratch_manning_2024.pdf: 370 頁
2025-12-01 16:52:37,526 - INFO -   處理 PDF: Decoding_Large_Language_Models_packt_2024.pdf
2025-12-01 16:52:41,670 - INFO -     提取 385 頁 from Decoding_Large_Language_Models_packt_2024.pdf
2025-12-01 16:52:41,670 - INFO - Generating embeddings for 1 texts...
2025-12-01 16:52:41,773 - INFO - ✅ Generated 1 embeddings (dim=1024)
2025-12-01 16:52:41,773 - INFO - Generating embeddings for 1 texts...
2025-12-01 16:52:42,201 - INFO - ✅ Generated 1 embeddings (dim=1024)
2025-12-01 16:52:42,201 - INFO - Generating embeddings for 1 texts...
2025-12-01 16:52:42,290 - INFO - ✅ Generated 1 embeddings (dim=1024)
2025-12-01 16:52:42,290 - INFO - Generating embeddings for 1 texts...
2025-12-01 16:52:42,536 - INFO - ✅ Generated 1 embeddings (dim=1024)
2025-12-01 16:52:42,536 - INFO - Generating embeddings for 1 texts...
2025-12-01 16:52:42,931 - INFO - ✅ Generated 1 embeddings (dim=1024)
2025-12-01 16:52:42,932 - INFO - Generating embeddings for 1 texts...
2025-12-01 16:52:43,218 - INFO - ✅ Generated 1 embeddings (dim=1024)
2025-12-01 16:52:43,218 - INFO - Generating embeddings for 1 texts...
2025-12-01 16:52:43,600 - INFO - ✅ Generated 1 embeddings (dim=1024)
2025-12-01 16:52:43,600 - INFO - Generating embeddings for 1 texts...
2025-12-01 16:52:44,046 - INFO - ✅ Generated 1 embeddings (dim=1024)
2025-12-01 16:52:44,046 - INFO - Generating embeddings for 1 texts...
2025-12-01 16:52:44,386 - INFO - ✅ Generated 1 embeddings (dim=1024)
2025-12-01 16:52:44,386 - INFO - Generating embeddings for 1 texts...
2025-12-01 16:52:44,774 - INFO - ✅ Generated 1 embeddings (dim=1024)
2025-12-01 16:52:44,774 - INFO - Generating embeddings for 1 texts...
2025-12-01 16:52:45,198 - INFO - ✅ Generated 1 embeddings (dim=1024)
2025-12-01 16:52:45,198 - INFO - Generating embeddings for 1 texts...
2025-12-01 16:52:45,572 - INFO - ✅ Generated 1 embeddings (dim=1024)
2025-12-01 16:52:45,572 - INFO - Generating embeddings for 1 texts...
2025-12-01 16:52:45,888 - INFO - ✅ Generated 1 embeddings (dim=1024)
2025-12-01 16:52:45,888 - INFO - Generating embeddings for 1 texts...
2025-12-01 16:52:46,520 - INFO - ✅ Generated 1 embeddings (dim=1024)
2025-12-01 16:52:46,521 - INFO - Generating embeddings for 1 texts...
2025-12-01 16:52:47,421 - INFO - ✅ Generated 1 embeddings (dim=1024)
2025-12-01 16:52:47,421 - INFO - Generating embeddings for 1 texts...
2025-12-01 16:52:48,303 - INFO - ✅ Generated 1 embeddings (dim=1024)
2025-12-01 16:52:48,303 - INFO - Generating embeddings for 1 texts...
2025-12-01 16:52:48,775 - INFO - ✅ Generated 1 embeddings (dim=1024)
2025-12-01 16:52:48,775 - INFO - Generating embeddings for 1 texts...
2025-12-01 16:52:49,020 - INFO - ✅ Generated 1 embeddings (dim=1024)
2025-12-01 16:52:49,020 - INFO - Generating embeddings for 1 texts...
2025-12-01 16:52:49,291 - INFO - ✅ Generated 1 embeddings (dim=1024)
2025-12-01 16:52:49,291 - INFO - Generating embeddings for 1 texts...
2025-12-01 16:52:49,498 - INFO - ✅ Generated 1 embeddings (dim=1024)
2025-12-01 16:52:49,498 - INFO - Generating embeddings for 1 texts...
2025-12-01 16:52:50,050 - INFO - ✅ Generated 1 embeddings (dim=1024)
2025-12-01 16:52:50,050 - INFO - Generating embeddings for 1 texts...
2025-12-01 16:52:50,697 - INFO - ✅ Generated 1 embeddings (dim=1024)
2025-12-01 16:52:50,697 - INFO - Generating embeddings for 1 texts...
2025-12-01 16:52:51,479 - INFO - ✅ Generated 1 embeddings (dim=1024)
2025-12-01 16:52:51,479 - INFO - Generating embeddings for 1 texts...
2025-12-01 16:52:52,286 - INFO - ✅ Generated 1 embeddings (dim=1024)
2025-12-01 16:52:52,286 - INFO - Generating embeddings for 1 texts...
2025-12-01 16:52:52,937 - INFO - ✅ Generated 1 embeddings (dim=1024)
2025-12-01 16:52:52,937 - INFO - Generating embeddings for 1 texts...
2025-12-01 16:52:53,570 - INFO - ✅ Generated 1 embeddings (dim=1024)
2025-12-01 16:52:53,570 - INFO - Generating embeddings for 1 texts...
2025-12-01 16:52:54,285 - INFO - ✅ Generated 1 embeddings (dim=1024)
2025-12-01 16:52:54,285 - INFO - Generating embeddings for 1 texts...
2025-12-01 16:52:55,033 - INFO - ✅ Generated 1 embeddings (dim=1024)
2025-12-01 16:52:55,033 - INFO - Generating embeddings for 1 texts...
2025-12-01 16:52:55,629 - INFO - ✅ Generated 1 embeddings (dim=1024)
2025-12-01 16:52:55,629 - INFO - Generating embeddings for 1 texts...
2025-12-01 16:52:56,305 - INFO - ✅ Generated 1 embeddings (dim=1024)
2025-12-01 16:52:56,306 - INFO - Generating embeddings for 1 texts...
2025-12-01 16:52:57,024 - INFO - ✅ Generated 1 embeddings (dim=1024)
2025-12-01 16:52:57,024 - INFO - Generating embeddings for 1 texts...
2025-12-01 16:52:57,712 - INFO - ✅ Generated 1 embeddings (dim=1024)
2025-12-01 16:52:57,712 - INFO - Generating embeddings for 1 texts...
2025-12-01 16:52:58,391 - INFO - ✅ Generated 1 embeddings (dim=1024)
2025-12-01 16:52:58,391 - INFO - Generating embeddings for 1 texts...
2025-12-01 16:52:59,127 - INFO - ✅ Generated 1 embeddings (dim=1024)
2025-12-01 16:52:59,128 - INFO - Generating embeddings for 1 texts...
2025-12-01 16:52:59,848 - INFO - ✅ Generated 1 embeddings (dim=1024)
2025-12-01 16:52:59,848 - INFO - Generating embeddings for 1 texts...
2025-12-01 16:53:00,524 - INFO - ✅ Generated 1 embeddings (dim=1024)
2025-12-01 16:53:00,524 - INFO - Generating embeddings for 1 texts...
2025-12-01 16:53:01,217 - INFO - ✅ Generated 1 embeddings (dim=1024)
2025-12-01 16:53:01,217 - INFO - Generating embeddings for 1 texts...
2025-12-01 16:53:01,770 - INFO - ✅ Generated 1 embeddings (dim=1024)
2025-12-01 16:53:01,770 - INFO - Generating embeddings for 1 texts...
2025-12-01 16:53:02,248 - INFO - ✅ Generated 1 embeddings (dim=1024)
2025-12-01 16:53:02,248 - INFO - Generating embeddings for 1 texts...
2025-12-01 16:53:02,827 - INFO - ✅ Generated 1 embeddings (dim=1024)
2025-12-01 16:53:02,827 - INFO - Generating embeddings for 1 texts...
2025-12-01 16:53:03,351 - INFO - ✅ Generated 1 embeddings (dim=1024)
2025-12-01 16:53:03,351 - INFO - Generating embeddings for 1 texts...
2025-12-01 16:53:03,991 - INFO - ✅ Generated 1 embeddings (dim=1024)
2025-12-01 16:53:03,991 - INFO - Generating embeddings for 1 texts...
2025-12-01 16:53:04,550 - INFO - ✅ Generated 1 embeddings (dim=1024)
2025-12-01 16:53:04,550 - INFO - Generating embeddings for 1 texts...
2025-12-01 16:53:05,208 - INFO - ✅ Generated 1 embeddings (dim=1024)
2025-12-01 16:53:05,208 - INFO - Generating embeddings for 1 texts...
2025-12-01 16:53:05,777 - INFO - ✅ Generated 1 embeddings (dim=1024)
2025-12-01 16:53:05,778 - INFO - Generating embeddings for 1 texts...
2025-12-01 16:53:06,378 - INFO - ✅ Generated 1 embeddings (dim=1024)
2025-12-01 16:53:06,378 - INFO - Generating embeddings for 1 texts...
2025-12-01 16:53:07,112 - INFO - ✅ Generated 1 embeddings (dim=1024)
2025-12-01 16:53:07,113 - INFO - Generating embeddings for 1 texts...
2025-12-01 16:53:07,920 - INFO - ✅ Generated 1 embeddings (dim=1024)
2025-12-01 16:53:07,920 - INFO - Generating embeddings for 1 texts...
2025-12-01 16:53:08,371 - INFO - ✅ Generated 1 embeddings (dim=1024)
2025-12-01 16:53:08,372 - INFO - Generating embeddings for 1 texts...
2025-12-01 16:53:09,203 - INFO - ✅ Generated 1 embeddings (dim=1024)
2025-12-01 16:53:09,204 - INFO - Generating embeddings for 1 texts...
2025-12-01 16:53:09,883 - INFO - ✅ Generated 1 embeddings (dim=1024)
2025-12-01 16:53:09,883 - INFO - Generating embeddings for 1 texts...
2025-12-01 16:53:10,525 - INFO - ✅ Generated 1 embeddings (dim=1024)
2025-12-01 16:53:10,525 - INFO - Generating embeddings for 1 texts...
2025-12-01 16:53:11,324 - INFO - ✅ Generated 1 embeddings (dim=1024)
2025-12-01 16:53:11,324 - INFO - Generating embeddings for 1 texts...
2025-12-01 16:53:11,935 - INFO - ✅ Generated 1 embeddings (dim=1024)
2025-12-01 16:53:11,935 - INFO - Generating embeddings for 1 texts...
2025-12-01 16:53:12,569 - INFO - ✅ Generated 1 embeddings (dim=1024)
2025-12-01 16:53:12,569 - INFO - Generating embeddings for 1 texts...
2025-12-01 16:53:13,233 - INFO - ✅ Generated 1 embeddings (dim=1024)
2025-12-01 16:53:13,233 - INFO - Generating embeddings for 1 texts...
2025-12-01 16:53:13,749 - INFO - ✅ Generated 1 embeddings (dim=1024)
2025-12-01 16:53:13,749 - INFO - Generating embeddings for 1 texts...
2025-12-01 16:53:14,244 - INFO - ✅ Generated 1 embeddings (dim=1024)
2025-12-01 16:53:14,244 - INFO - Generating embeddings for 1 texts...
2025-12-01 16:53:14,846 - INFO - ✅ Generated 1 embeddings (dim=1024)
2025-12-01 16:53:14,846 - INFO - Generating embeddings for 1 texts...
2025-12-01 16:53:15,432 - INFO - ✅ Generated 1 embeddings (dim=1024)
2025-12-01 16:53:15,432 - INFO - Generating embeddings for 1 texts...
2025-12-01 16:53:16,046 - INFO - ✅ Generated 1 embeddings (dim=1024)
2025-12-01 16:53:16,046 - INFO - Generating embeddings for 1 texts...
2025-12-01 16:53:16,663 - INFO - ✅ Generated 1 embeddings (dim=1024)
2025-12-01 16:53:16,664 - INFO - Generating embeddings for 1 texts...
2025-12-01 16:53:17,236 - INFO - ✅ Generated 1 embeddings (dim=1024)
2025-12-01 16:53:17,236 - INFO - Generating embeddings for 1 texts...
2025-12-01 16:53:17,793 - INFO - ✅ Generated 1 embeddings (dim=1024)
2025-12-01 16:53:17,794 - INFO - Generating embeddings for 1 texts...
2025-12-01 16:53:18,333 - INFO - ✅ Generated 1 embeddings (dim=1024)
2025-12-01 16:53:18,334 - INFO - Generating embeddings for 1 texts...
2025-12-01 16:53:18,910 - INFO - ✅ Generated 1 embeddings (dim=1024)
2025-12-01 16:53:18,910 - INFO - Generating embeddings for 1 texts...
2025-12-01 16:53:19,554 - INFO - ✅ Generated 1 embeddings (dim=1024)
2025-12-01 16:53:19,555 - INFO - Generating embeddings for 1 texts...
2025-12-01 16:53:20,080 - INFO - ✅ Generated 1 embeddings (dim=1024)
2025-12-01 16:53:20,080 - INFO - Generating embeddings for 1 texts...
2025-12-01 16:53:20,405 - INFO - ✅ Generated 1 embeddings (dim=1024)
2025-12-01 16:53:20,406 - INFO - Generating embeddings for 1 texts...
2025-12-01 16:53:20,740 - INFO - ✅ Generated 1 embeddings (dim=1024)
2025-12-01 16:53:20,740 - INFO - Generating embeddings for 1 texts...
2025-12-01 16:53:21,433 - INFO - ✅ Generated 1 embeddings (dim=1024)
2025-12-01 16:53:21,434 - INFO - Generating embeddings for 1 texts...
2025-12-01 16:53:22,168 - INFO - ✅ Generated 1 embeddings (dim=1024)
2025-12-01 16:53:22,169 - INFO - Generating embeddings for 1 texts...
2025-12-01 16:53:22,926 - INFO - ✅ Generated 1 embeddings (dim=1024)
2025-12-01 16:53:22,926 - INFO - Generating embeddings for 1 texts...
2025-12-01 16:53:23,687 - INFO - ✅ Generated 1 embeddings (dim=1024)
2025-12-01 16:53:23,687 - INFO - Generating embeddings for 1 texts...
2025-12-01 16:53:24,431 - INFO - ✅ Generated 1 embeddings (dim=1024)
2025-12-01 16:53:24,431 - INFO - Generating embeddings for 1 texts...
2025-12-01 16:53:25,158 - INFO - ✅ Generated 1 embeddings (dim=1024)
2025-12-01 16:53:25,158 - INFO - Generating embeddings for 1 texts...
2025-12-01 16:53:26,053 - INFO - ✅ Generated 1 embeddings (dim=1024)
2025-12-01 16:53:26,053 - INFO - Generating embeddings for 1 texts...
2025-12-01 16:53:26,864 - INFO - ✅ Generated 1 embeddings (dim=1024)
2025-12-01 16:53:26,864 - INFO - Generating embeddings for 1 texts...
2025-12-01 16:53:27,652 - INFO - ✅ Generated 1 embeddings (dim=1024)
2025-12-01 16:53:27,652 - INFO - Generating embeddings for 1 texts...
2025-12-01 16:53:28,403 - INFO - ✅ Generated 1 embeddings (dim=1024)
2025-12-01 16:53:28,403 - INFO - Generating embeddings for 1 texts...
2025-12-01 16:53:29,180 - INFO - ✅ Generated 1 embeddings (dim=1024)
2025-12-01 16:53:29,180 - INFO - Generating embeddings for 1 texts...
2025-12-01 16:53:29,887 - INFO - ✅ Generated 1 embeddings (dim=1024)
2025-12-01 16:53:29,887 - INFO - Generating embeddings for 1 texts...
2025-12-01 16:53:30,620 - INFO - ✅ Generated 1 embeddings (dim=1024)
2025-12-01 16:53:30,620 - INFO - Generating embeddings for 1 texts...
2025-12-01 16:53:31,243 - INFO - ✅ Generated 1 embeddings (dim=1024)
2025-12-01 16:53:31,243 - INFO - Generating embeddings for 1 texts...
2025-12-01 16:53:31,831 - INFO - ✅ Generated 1 embeddings (dim=1024)
2025-12-01 16:53:31,831 - INFO - Generating embeddings for 1 texts...
2025-12-01 16:53:32,486 - INFO - ✅ Generated 1 embeddings (dim=1024)
2025-12-01 16:53:32,487 - INFO - Generating embeddings for 1 texts...
2025-12-01 16:53:33,169 - INFO - ✅ Generated 1 embeddings (dim=1024)
2025-12-01 16:53:33,170 - INFO - Generating embeddings for 1 texts...
2025-12-01 16:53:33,828 - INFO - ✅ Generated 1 embeddings (dim=1024)
2025-12-01 16:53:33,828 - INFO - Generating embeddings for 1 texts...
2025-12-01 16:53:34,583 - INFO - ✅ Generated 1 embeddings (dim=1024)
2025-12-01 16:53:34,583 - INFO - Generating embeddings for 1 texts...
2025-12-01 16:53:35,382 - INFO - ✅ Generated 1 embeddings (dim=1024)
2025-12-01 16:53:35,383 - INFO - Generating embeddings for 1 texts...
2025-12-01 16:53:35,657 - INFO - ✅ Generated 1 embeddings (dim=1024)
2025-12-01 16:53:35,657 - INFO - Generating embeddings for 1 texts...
2025-12-01 16:53:36,055 - INFO - ✅ Generated 1 embeddings (dim=1024)
2025-12-01 16:53:36,055 - INFO - Generating embeddings for 1 texts...
2025-12-01 16:53:36,617 - INFO - ✅ Generated 1 embeddings (dim=1024)
2025-12-01 16:53:36,617 - INFO - Generating embeddings for 1 texts...
2025-12-01 16:53:37,148 - INFO - ✅ Generated 1 embeddings (dim=1024)
2025-12-01 16:53:37,148 - INFO - Generating embeddings for 1 texts...
2025-12-01 16:53:37,891 - INFO - ✅ Generated 1 embeddings (dim=1024)
2025-12-01 16:53:37,891 - INFO - Generating embeddings for 1 texts...
2025-12-01 16:53:38,870 - INFO - ✅ Generated 1 embeddings (dim=1024)
2025-12-01 16:53:38,870 - INFO - Generating embeddings for 1 texts...
2025-12-01 16:53:39,428 - INFO - ✅ Generated 1 embeddings (dim=1024)
2025-12-01 16:53:39,428 - INFO - Generating embeddings for 1 texts...
2025-12-01 16:53:39,937 - INFO - ✅ Generated 1 embeddings (dim=1024)
2025-12-01 16:53:39,937 - INFO - Generating embeddings for 1 texts...
2025-12-01 16:53:40,450 - INFO - ✅ Generated 1 embeddings (dim=1024)
2025-12-01 16:53:40,451 - INFO - Generating embeddings for 1 texts...
2025-12-01 16:53:41,077 - INFO - ✅ Generated 1 embeddings (dim=1024)
2025-12-01 16:53:41,077 - INFO - Generating embeddings for 1 texts...
2025-12-01 16:53:41,670 - INFO - ✅ Generated 1 embeddings (dim=1024)
2025-12-01 16:53:41,670 - INFO - Generating embeddings for 1 texts...
2025-12-01 16:53:42,270 - INFO - ✅ Generated 1 embeddings (dim=1024)
2025-12-01 16:53:42,270 - INFO - Generating embeddings for 1 texts...
2025-12-01 16:53:42,896 - INFO - ✅ Generated 1 embeddings (dim=1024)
2025-12-01 16:53:42,896 - INFO - Generating embeddings for 1 texts...
2025-12-01 16:53:43,408 - INFO - ✅ Generated 1 embeddings (dim=1024)
2025-12-01 16:53:43,408 - INFO - Generating embeddings for 1 texts...
2025-12-01 16:53:43,957 - INFO - ✅ Generated 1 embeddings (dim=1024)
2025-12-01 16:53:43,958 - INFO - Generating embeddings for 1 texts...
2025-12-01 16:53:44,429 - INFO - ✅ Generated 1 embeddings (dim=1024)
2025-12-01 16:53:44,429 - INFO - Generating embeddings for 1 texts...
2025-12-01 16:53:44,864 - INFO - ✅ Generated 1 embeddings (dim=1024)
2025-12-01 16:53:44,864 - INFO - Generating embeddings for 1 texts...
2025-12-01 16:53:45,576 - INFO - ✅ Generated 1 embeddings (dim=1024)
2025-12-01 16:53:45,576 - INFO - Generating embeddings for 1 texts...
2025-12-01 16:53:46,211 - INFO - ✅ Generated 1 embeddings (dim=1024)
2025-12-01 16:53:46,211 - INFO - Generating embeddings for 1 texts...
2025-12-01 16:53:46,817 - INFO - ✅ Generated 1 embeddings (dim=1024)
2025-12-01 16:53:46,817 - INFO - Generating embeddings for 1 texts...
2025-12-01 16:53:47,354 - INFO - ✅ Generated 1 embeddings (dim=1024)
2025-12-01 16:53:47,355 - INFO - Generating embeddings for 1 texts...
2025-12-01 16:53:47,987 - INFO - ✅ Generated 1 embeddings (dim=1024)
2025-12-01 16:53:47,987 - INFO - Generating embeddings for 1 texts...
2025-12-01 16:53:48,585 - INFO - ✅ Generated 1 embeddings (dim=1024)
2025-12-01 16:53:48,585 - INFO - Generating embeddings for 1 texts...
2025-12-01 16:53:49,156 - INFO - ✅ Generated 1 embeddings (dim=1024)
2025-12-01 16:53:49,156 - INFO - Generating embeddings for 1 texts...
2025-12-01 16:53:49,699 - INFO - ✅ Generated 1 embeddings (dim=1024)
2025-12-01 16:53:49,699 - INFO - Generating embeddings for 1 texts...
2025-12-01 16:53:50,250 - INFO - ✅ Generated 1 embeddings (dim=1024)
2025-12-01 16:53:50,250 - INFO - Generating embeddings for 1 texts...
2025-12-01 16:53:50,684 - INFO - ✅ Generated 1 embeddings (dim=1024)
2025-12-01 16:53:50,684 - INFO - Generating embeddings for 1 texts...
2025-12-01 16:53:51,254 - INFO - ✅ Generated 1 embeddings (dim=1024)
2025-12-01 16:53:51,254 - INFO - Generating embeddings for 1 texts...
2025-12-01 16:53:51,940 - INFO - ✅ Generated 1 embeddings (dim=1024)
2025-12-01 16:53:51,940 - INFO - Generating embeddings for 1 texts...
2025-12-01 16:53:52,811 - INFO - ✅ Generated 1 embeddings (dim=1024)
2025-12-01 16:53:52,811 - INFO - Generating embeddings for 1 texts...
2025-12-01 16:53:53,245 - INFO - ✅ Generated 1 embeddings (dim=1024)
2025-12-01 16:53:53,245 - INFO - Generating embeddings for 1 texts...
2025-12-01 16:53:54,016 - INFO - ✅ Generated 1 embeddings (dim=1024)
2025-12-01 16:53:54,016 - INFO - Generating embeddings for 1 texts...
2025-12-01 16:53:54,722 - INFO - ✅ Generated 1 embeddings (dim=1024)
2025-12-01 16:53:54,722 - INFO - Generating embeddings for 1 texts...
2025-12-01 16:53:55,392 - INFO - ✅ Generated 1 embeddings (dim=1024)
2025-12-01 16:53:55,392 - INFO - Generating embeddings for 1 texts...
2025-12-01 16:53:55,999 - INFO - ✅ Generated 1 embeddings (dim=1024)
2025-12-01 16:53:56,000 - INFO - Generating embeddings for 1 texts...
2025-12-01 16:53:56,710 - INFO - ✅ Generated 1 embeddings (dim=1024)
2025-12-01 16:53:56,710 - INFO - Generating embeddings for 1 texts...
2025-12-01 16:53:57,371 - INFO - ✅ Generated 1 embeddings (dim=1024)
2025-12-01 16:53:57,371 - INFO - Generating embeddings for 1 texts...
2025-12-01 16:53:57,980 - INFO - ✅ Generated 1 embeddings (dim=1024)
2025-12-01 16:53:57,981 - INFO - Generating embeddings for 1 texts...
2025-12-01 16:53:58,603 - INFO - ✅ Generated 1 embeddings (dim=1024)
2025-12-01 16:53:58,604 - INFO - Generating embeddings for 1 texts...
2025-12-01 16:53:59,189 - INFO - ✅ Generated 1 embeddings (dim=1024)
2025-12-01 16:53:59,189 - INFO - Generating embeddings for 1 texts...
2025-12-01 16:53:59,704 - INFO - ✅ Generated 1 embeddings (dim=1024)
2025-12-01 16:53:59,704 - INFO - Generating embeddings for 1 texts...
2025-12-01 16:54:00,239 - INFO - ✅ Generated 1 embeddings (dim=1024)
2025-12-01 16:54:00,239 - INFO - Generating embeddings for 1 texts...
2025-12-01 16:54:00,902 - INFO - ✅ Generated 1 embeddings (dim=1024)
2025-12-01 16:54:00,903 - INFO - Generating embeddings for 1 texts...
2025-12-01 16:54:01,523 - INFO - ✅ Generated 1 embeddings (dim=1024)
2025-12-01 16:54:01,523 - INFO - Generating embeddings for 1 texts...
2025-12-01 16:54:02,055 - INFO - ✅ Generated 1 embeddings (dim=1024)
2025-12-01 16:54:02,055 - INFO - Generating embeddings for 1 texts...
2025-12-01 16:54:02,703 - INFO - ✅ Generated 1 embeddings (dim=1024)
2025-12-01 16:54:02,703 - INFO - Generating embeddings for 1 texts...
2025-12-01 16:54:03,216 - INFO - ✅ Generated 1 embeddings (dim=1024)
2025-12-01 16:54:03,216 - INFO - Generating embeddings for 1 texts...
2025-12-01 16:54:03,770 - INFO - ✅ Generated 1 embeddings (dim=1024)
2025-12-01 16:54:03,770 - INFO - Generating embeddings for 1 texts...
2025-12-01 16:54:04,369 - INFO - ✅ Generated 1 embeddings (dim=1024)
2025-12-01 16:54:04,369 - INFO - Generating embeddings for 1 texts...
2025-12-01 16:54:04,995 - INFO - ✅ Generated 1 embeddings (dim=1024)
2025-12-01 16:54:04,995 - INFO - Generating embeddings for 1 texts...
2025-12-01 16:54:05,573 - INFO - ✅ Generated 1 embeddings (dim=1024)
2025-12-01 16:54:05,573 - INFO - Generating embeddings for 1 texts...
2025-12-01 16:54:06,219 - INFO - ✅ Generated 1 embeddings (dim=1024)
2025-12-01 16:54:06,219 - INFO - Generating embeddings for 1 texts...
2025-12-01 16:54:06,788 - INFO - ✅ Generated 1 embeddings (dim=1024)
2025-12-01 16:54:06,788 - INFO - Generating embeddings for 1 texts...
2025-12-01 16:54:07,364 - INFO - ✅ Generated 1 embeddings (dim=1024)
2025-12-01 16:54:07,365 - INFO - Generating embeddings for 1 texts...
2025-12-01 16:54:07,830 - INFO - ✅ Generated 1 embeddings (dim=1024)
2025-12-01 16:54:07,830 - INFO - Generating embeddings for 1 texts...
2025-12-01 16:54:08,274 - INFO - ✅ Generated 1 embeddings (dim=1024)
2025-12-01 16:54:08,275 - INFO - Generating embeddings for 1 texts...
2025-12-01 16:54:08,755 - INFO - ✅ Generated 1 embeddings (dim=1024)
2025-12-01 16:54:08,755 - INFO - Generating embeddings for 1 texts...
2025-12-01 16:54:09,288 - INFO - ✅ Generated 1 embeddings (dim=1024)
2025-12-01 16:54:09,288 - INFO - Generating embeddings for 1 texts...
2025-12-01 16:54:10,024 - INFO - ✅ Generated 1 embeddings (dim=1024)
2025-12-01 16:54:10,024 - INFO - Generating embeddings for 1 texts...
2025-12-01 16:54:10,496 - INFO - ✅ Generated 1 embeddings (dim=1024)
2025-12-01 16:54:10,496 - INFO - Generating embeddings for 1 texts...
2025-12-01 16:54:11,289 - INFO - ✅ Generated 1 embeddings (dim=1024)
2025-12-01 16:54:11,290 - INFO - Generating embeddings for 1 texts...
2025-12-01 16:54:11,973 - INFO - ✅ Generated 1 embeddings (dim=1024)
2025-12-01 16:54:11,973 - INFO - Generating embeddings for 1 texts...
2025-12-01 16:54:12,675 - INFO - ✅ Generated 1 embeddings (dim=1024)
2025-12-01 16:54:12,675 - INFO - Generating embeddings for 1 texts...
2025-12-01 16:54:13,319 - INFO - ✅ Generated 1 embeddings (dim=1024)
2025-12-01 16:54:13,319 - INFO - Generating embeddings for 1 texts...
2025-12-01 16:54:13,905 - INFO - ✅ Generated 1 embeddings (dim=1024)
2025-12-01 16:54:13,905 - INFO - Generating embeddings for 1 texts...
2025-12-01 16:54:14,589 - INFO - ✅ Generated 1 embeddings (dim=1024)
2025-12-01 16:54:14,590 - INFO - Generating embeddings for 1 texts...
2025-12-01 16:54:15,219 - INFO - ✅ Generated 1 embeddings (dim=1024)
2025-12-01 16:54:15,219 - INFO - Generating embeddings for 1 texts...
2025-12-01 16:54:15,951 - INFO - ✅ Generated 1 embeddings (dim=1024)
2025-12-01 16:54:15,951 - INFO - Generating embeddings for 1 texts...
2025-12-01 16:54:16,493 - INFO - ✅ Generated 1 embeddings (dim=1024)
2025-12-01 16:54:16,493 - INFO - Generating embeddings for 1 texts...
2025-12-01 16:54:17,185 - INFO - ✅ Generated 1 embeddings (dim=1024)
2025-12-01 16:54:17,185 - INFO - Generating embeddings for 1 texts...
2025-12-01 16:54:17,930 - INFO - ✅ Generated 1 embeddings (dim=1024)
2025-12-01 16:54:17,930 - INFO - Generating embeddings for 1 texts...
2025-12-01 16:54:18,663 - INFO - ✅ Generated 1 embeddings (dim=1024)
2025-12-01 16:54:18,663 - INFO - Generating embeddings for 1 texts...
2025-12-01 16:54:19,410 - INFO - ✅ Generated 1 embeddings (dim=1024)
2025-12-01 16:54:19,410 - INFO - Generating embeddings for 1 texts...
2025-12-01 16:54:20,193 - INFO - ✅ Generated 1 embeddings (dim=1024)
2025-12-01 16:54:20,194 - INFO - Generating embeddings for 1 texts...
2025-12-01 16:54:20,737 - INFO - ✅ Generated 1 embeddings (dim=1024)
2025-12-01 16:54:20,737 - INFO - Generating embeddings for 1 texts...
2025-12-01 16:54:21,369 - INFO - ✅ Generated 1 embeddings (dim=1024)
2025-12-01 16:54:21,369 - INFO - Generating embeddings for 1 texts...
2025-12-01 16:54:21,930 - INFO - ✅ Generated 1 embeddings (dim=1024)
2025-12-01 16:54:21,930 - INFO - Generating embeddings for 1 texts...
2025-12-01 16:54:22,513 - INFO - ✅ Generated 1 embeddings (dim=1024)
2025-12-01 16:54:22,513 - INFO - Generating embeddings for 1 texts...
2025-12-01 16:54:23,244 - INFO - ✅ Generated 1 embeddings (dim=1024)
2025-12-01 16:54:23,244 - INFO - Generating embeddings for 1 texts...
2025-12-01 16:54:23,879 - INFO - ✅ Generated 1 embeddings (dim=1024)
2025-12-01 16:54:23,879 - INFO - Generating embeddings for 1 texts...
2025-12-01 16:54:24,619 - INFO - ✅ Generated 1 embeddings (dim=1024)
2025-12-01 16:54:24,619 - INFO - Generating embeddings for 1 texts...
2025-12-01 16:54:25,039 - INFO - ✅ Generated 1 embeddings (dim=1024)
2025-12-01 16:54:25,039 - INFO - Generating embeddings for 1 texts...
2025-12-01 16:54:25,324 - INFO - ✅ Generated 1 embeddings (dim=1024)
2025-12-01 16:54:25,324 - INFO - Generating embeddings for 1 texts...
2025-12-01 16:54:25,609 - INFO - ✅ Generated 1 embeddings (dim=1024)
2025-12-01 16:54:25,609 - INFO - Generating embeddings for 1 texts...
2025-12-01 16:54:26,192 - INFO - ✅ Generated 1 embeddings (dim=1024)
2025-12-01 16:54:26,193 - INFO - Generating embeddings for 1 texts...
2025-12-01 16:54:26,734 - INFO - ✅ Generated 1 embeddings (dim=1024)
2025-12-01 16:54:26,734 - INFO - Generating embeddings for 1 texts...
2025-12-01 16:54:27,298 - INFO - ✅ Generated 1 embeddings (dim=1024)
2025-12-01 16:54:27,299 - INFO - Generating embeddings for 1 texts...
2025-12-01 16:54:27,833 - INFO - ✅ Generated 1 embeddings (dim=1024)
2025-12-01 16:54:27,833 - INFO - Generating embeddings for 1 texts...
2025-12-01 16:54:28,395 - INFO - ✅ Generated 1 embeddings (dim=1024)
2025-12-01 16:54:28,395 - INFO - Generating embeddings for 1 texts...
2025-12-01 16:54:28,970 - INFO - ✅ Generated 1 embeddings (dim=1024)
2025-12-01 16:54:28,970 - INFO - Generating embeddings for 1 texts...
2025-12-01 16:54:29,578 - INFO - ✅ Generated 1 embeddings (dim=1024)
2025-12-01 16:54:29,578 - INFO - Generating embeddings for 1 texts...
2025-12-01 16:54:30,204 - INFO - ✅ Generated 1 embeddings (dim=1024)
2025-12-01 16:54:30,205 - INFO - Generating embeddings for 1 texts...
2025-12-01 16:54:30,655 - INFO - ✅ Generated 1 embeddings (dim=1024)
2025-12-01 16:54:30,655 - INFO - Generating embeddings for 1 texts...
2025-12-01 16:54:31,103 - INFO - ✅ Generated 1 embeddings (dim=1024)
2025-12-01 16:54:31,103 - INFO - Generating embeddings for 1 texts...
2025-12-01 16:54:31,712 - INFO - ✅ Generated 1 embeddings (dim=1024)
2025-12-01 16:54:31,712 - INFO - Generating embeddings for 1 texts...
2025-12-01 16:54:32,332 - INFO - ✅ Generated 1 embeddings (dim=1024)
2025-12-01 16:54:32,332 - INFO - Generating embeddings for 1 texts...
2025-12-01 16:54:32,884 - INFO - ✅ Generated 1 embeddings (dim=1024)
2025-12-01 16:54:32,884 - INFO - Generating embeddings for 1 texts...
2025-12-01 16:54:33,416 - INFO - ✅ Generated 1 embeddings (dim=1024)
2025-12-01 16:54:33,417 - INFO - Generating embeddings for 1 texts...
2025-12-01 16:54:34,038 - INFO - ✅ Generated 1 embeddings (dim=1024)
2025-12-01 16:54:34,038 - INFO - Generating embeddings for 1 texts...
2025-12-01 16:54:34,702 - INFO - ✅ Generated 1 embeddings (dim=1024)
2025-12-01 16:54:34,703 - INFO - Generating embeddings for 1 texts...
2025-12-01 16:54:35,200 - INFO - ✅ Generated 1 embeddings (dim=1024)
2025-12-01 16:54:35,200 - INFO - Generating embeddings for 1 texts...
2025-12-01 16:54:35,729 - INFO - ✅ Generated 1 embeddings (dim=1024)
2025-12-01 16:54:35,729 - INFO - Generating embeddings for 1 texts...
2025-12-01 16:54:36,520 - INFO - ✅ Generated 1 embeddings (dim=1024)
2025-12-01 16:54:36,521 - INFO - Generating embeddings for 1 texts...
2025-12-01 16:54:37,085 - INFO - ✅ Generated 1 embeddings (dim=1024)
2025-12-01 16:54:37,085 - INFO - Generating embeddings for 1 texts...
2025-12-01 16:54:37,635 - INFO - ✅ Generated 1 embeddings (dim=1024)
2025-12-01 16:54:37,635 - INFO - Generating embeddings for 1 texts...
2025-12-01 16:54:38,210 - INFO - ✅ Generated 1 embeddings (dim=1024)
2025-12-01 16:54:38,210 - INFO - Generating embeddings for 1 texts...
2025-12-01 16:54:38,460 - INFO - ✅ Generated 1 embeddings (dim=1024)
2025-12-01 16:54:38,460 - INFO - Generating embeddings for 1 texts...
2025-12-01 16:54:38,874 - INFO - ✅ Generated 1 embeddings (dim=1024)
2025-12-01 16:54:38,874 - INFO - Generating embeddings for 1 texts...
2025-12-01 16:54:39,564 - INFO - ✅ Generated 1 embeddings (dim=1024)
2025-12-01 16:54:39,565 - INFO - Generating embeddings for 1 texts...
2025-12-01 16:54:40,219 - INFO - ✅ Generated 1 embeddings (dim=1024)
2025-12-01 16:54:40,219 - INFO - Generating embeddings for 1 texts...
2025-12-01 16:54:40,846 - INFO - ✅ Generated 1 embeddings (dim=1024)
2025-12-01 16:54:40,847 - INFO - Generating embeddings for 1 texts...
2025-12-01 16:54:41,374 - INFO - ✅ Generated 1 embeddings (dim=1024)
2025-12-01 16:54:41,374 - INFO - Generating embeddings for 1 texts...
2025-12-01 16:54:41,950 - INFO - ✅ Generated 1 embeddings (dim=1024)
2025-12-01 16:54:41,951 - INFO - Generating embeddings for 1 texts...
2025-12-01 16:54:42,550 - INFO - ✅ Generated 1 embeddings (dim=1024)
2025-12-01 16:54:42,550 - INFO - Generating embeddings for 1 texts...
2025-12-01 16:54:43,180 - INFO - ✅ Generated 1 embeddings (dim=1024)
2025-12-01 16:54:43,181 - INFO - Generating embeddings for 1 texts...
2025-12-01 16:54:43,787 - INFO - ✅ Generated 1 embeddings (dim=1024)
2025-12-01 16:54:43,787 - INFO - Generating embeddings for 1 texts...
2025-12-01 16:54:44,454 - INFO - ✅ Generated 1 embeddings (dim=1024)
2025-12-01 16:54:44,454 - INFO - Generating embeddings for 1 texts...
2025-12-01 16:54:45,048 - INFO - ✅ Generated 1 embeddings (dim=1024)
2025-12-01 16:54:45,048 - INFO - Generating embeddings for 1 texts...
2025-12-01 16:54:45,740 - INFO - ✅ Generated 1 embeddings (dim=1024)
2025-12-01 16:54:45,741 - INFO - Generating embeddings for 1 texts...
2025-12-01 16:54:46,314 - INFO - ✅ Generated 1 embeddings (dim=1024)
2025-12-01 16:54:46,314 - INFO - Generating embeddings for 1 texts...
2025-12-01 16:54:46,917 - INFO - ✅ Generated 1 embeddings (dim=1024)
2025-12-01 16:54:46,917 - INFO - Generating embeddings for 1 texts...
2025-12-01 16:54:47,459 - INFO - ✅ Generated 1 embeddings (dim=1024)
2025-12-01 16:54:47,460 - INFO - Generating embeddings for 1 texts...
2025-12-01 16:54:48,074 - INFO - ✅ Generated 1 embeddings (dim=1024)
2025-12-01 16:54:48,074 - INFO - Generating embeddings for 1 texts...
2025-12-01 16:54:48,791 - INFO - ✅ Generated 1 embeddings (dim=1024)
2025-12-01 16:54:48,791 - INFO - Generating embeddings for 1 texts...
2025-12-01 16:54:49,414 - INFO - ✅ Generated 1 embeddings (dim=1024)
2025-12-01 16:54:49,414 - INFO - Generating embeddings for 1 texts...
2025-12-01 16:54:50,035 - INFO - ✅ Generated 1 embeddings (dim=1024)
2025-12-01 16:54:50,036 - INFO - Generating embeddings for 1 texts...
2025-12-01 16:54:50,630 - INFO - ✅ Generated 1 embeddings (dim=1024)
2025-12-01 16:54:50,631 - INFO - Generating embeddings for 1 texts...
2025-12-01 16:54:51,379 - INFO - ✅ Generated 1 embeddings (dim=1024)
2025-12-01 16:54:51,379 - INFO - Generating embeddings for 1 texts...
2025-12-01 16:54:51,984 - INFO - ✅ Generated 1 embeddings (dim=1024)
2025-12-01 16:54:51,984 - INFO - Generating embeddings for 1 texts...
2025-12-01 16:54:52,471 - INFO - ✅ Generated 1 embeddings (dim=1024)
2025-12-01 16:54:52,471 - INFO - Generating embeddings for 1 texts...
2025-12-01 16:54:52,838 - INFO - ✅ Generated 1 embeddings (dim=1024)
2025-12-01 16:54:52,838 - INFO - Generating embeddings for 1 texts...
2025-12-01 16:54:53,606 - INFO - ✅ Generated 1 embeddings (dim=1024)
2025-12-01 16:54:53,606 - INFO - Generating embeddings for 1 texts...
2025-12-01 16:54:54,348 - INFO - ✅ Generated 1 embeddings (dim=1024)
2025-12-01 16:54:54,348 - INFO - Generating embeddings for 1 texts...
2025-12-01 16:54:55,141 - INFO - ✅ Generated 1 embeddings (dim=1024)
2025-12-01 16:54:55,141 - INFO - Generating embeddings for 1 texts...
2025-12-01 16:54:55,899 - INFO - ✅ Generated 1 embeddings (dim=1024)
2025-12-01 16:54:55,899 - INFO - Generating embeddings for 1 texts...
2025-12-01 16:54:56,696 - INFO - ✅ Generated 1 embeddings (dim=1024)
2025-12-01 16:54:56,696 - INFO - Generating embeddings for 1 texts...
2025-12-01 16:54:57,480 - INFO - ✅ Generated 1 embeddings (dim=1024)
2025-12-01 16:54:57,481 - INFO - Generating embeddings for 1 texts...
2025-12-01 16:54:58,290 - INFO - ✅ Generated 1 embeddings (dim=1024)
2025-12-01 16:54:58,290 - INFO - Generating embeddings for 1 texts...
2025-12-01 16:54:59,074 - INFO - ✅ Generated 1 embeddings (dim=1024)
2025-12-01 16:54:59,075 - INFO - Generating embeddings for 1 texts...
2025-12-01 16:54:59,661 - INFO - ✅ Generated 1 embeddings (dim=1024)
2025-12-01 16:54:59,661 - INFO - Generating embeddings for 1 texts...
2025-12-01 16:55:00,332 - INFO - ✅ Generated 1 embeddings (dim=1024)
2025-12-01 16:55:00,332 - INFO - Generating embeddings for 1 texts...
2025-12-01 16:55:01,115 - INFO - ✅ Generated 1 embeddings (dim=1024)
2025-12-01 16:55:01,115 - INFO - Generating embeddings for 1 texts...
2025-12-01 16:55:01,667 - INFO - ✅ Generated 1 embeddings (dim=1024)
2025-12-01 16:55:01,667 - INFO - Generating embeddings for 1 texts...
2025-12-01 16:55:02,414 - INFO - ✅ Generated 1 embeddings (dim=1024)
2025-12-01 16:55:02,414 - INFO - Generating embeddings for 1 texts...
2025-12-01 16:55:03,235 - INFO - ✅ Generated 1 embeddings (dim=1024)
2025-12-01 16:55:03,235 - INFO - Generating embeddings for 1 texts...
2025-12-01 16:55:04,011 - INFO - ✅ Generated 1 embeddings (dim=1024)
2025-12-01 16:55:04,012 - INFO - Generating embeddings for 1 texts...
2025-12-01 16:55:04,778 - INFO - ✅ Generated 1 embeddings (dim=1024)
2025-12-01 16:55:04,778 - INFO - Generating embeddings for 1 texts...
2025-12-01 16:55:05,357 - INFO - ✅ Generated 1 embeddings (dim=1024)
2025-12-01 16:55:05,357 - INFO - Generating embeddings for 1 texts...
2025-12-01 16:55:05,798 - INFO - ✅ Generated 1 embeddings (dim=1024)
2025-12-01 16:55:05,798 - INFO - Generating embeddings for 1 texts...
2025-12-01 16:55:06,288 - INFO - ✅ Generated 1 embeddings (dim=1024)
2025-12-01 16:55:06,289 - INFO - Generating embeddings for 1 texts...
2025-12-01 16:55:06,658 - INFO - ✅ Generated 1 embeddings (dim=1024)
2025-12-01 16:55:06,658 - INFO - Generating embeddings for 1 texts...
2025-12-01 16:55:07,389 - INFO - ✅ Generated 1 embeddings (dim=1024)
2025-12-01 16:55:07,389 - INFO - Generating embeddings for 1 texts...
2025-12-01 16:55:08,174 - INFO - ✅ Generated 1 embeddings (dim=1024)
2025-12-01 16:55:08,174 - INFO - Generating embeddings for 1 texts...
2025-12-01 16:55:08,867 - INFO - ✅ Generated 1 embeddings (dim=1024)
2025-12-01 16:55:08,868 - INFO - Generating embeddings for 1 texts...
2025-12-01 16:55:09,528 - INFO - ✅ Generated 1 embeddings (dim=1024)
2025-12-01 16:55:09,528 - INFO - Generating embeddings for 1 texts...
2025-12-01 16:55:10,231 - INFO - ✅ Generated 1 embeddings (dim=1024)
2025-12-01 16:55:10,232 - INFO - Generating embeddings for 1 texts...
2025-12-01 16:55:10,889 - INFO - ✅ Generated 1 embeddings (dim=1024)
2025-12-01 16:55:10,890 - INFO - Generating embeddings for 1 texts...
2025-12-01 16:55:11,543 - INFO - ✅ Generated 1 embeddings (dim=1024)
2025-12-01 16:55:11,543 - INFO - Generating embeddings for 1 texts...
2025-12-01 16:55:12,189 - INFO - ✅ Generated 1 embeddings (dim=1024)
2025-12-01 16:55:12,189 - INFO - Generating embeddings for 1 texts...
2025-12-01 16:55:12,975 - INFO - ✅ Generated 1 embeddings (dim=1024)
2025-12-01 16:55:12,975 - INFO - Generating embeddings for 1 texts...
2025-12-01 16:55:13,646 - INFO - ✅ Generated 1 embeddings (dim=1024)
2025-12-01 16:55:13,646 - INFO - Generating embeddings for 1 texts...
2025-12-01 16:55:14,200 - INFO - ✅ Generated 1 embeddings (dim=1024)
2025-12-01 16:55:14,200 - INFO - Generating embeddings for 1 texts...
2025-12-01 16:55:14,772 - INFO - ✅ Generated 1 embeddings (dim=1024)
2025-12-01 16:55:14,772 - INFO - Generating embeddings for 1 texts...
2025-12-01 16:55:15,348 - INFO - ✅ Generated 1 embeddings (dim=1024)
2025-12-01 16:55:15,348 - INFO - Generating embeddings for 1 texts...
2025-12-01 16:55:15,974 - INFO - ✅ Generated 1 embeddings (dim=1024)
2025-12-01 16:55:15,974 - INFO - Generating embeddings for 1 texts...
2025-12-01 16:55:16,627 - INFO - ✅ Generated 1 embeddings (dim=1024)
2025-12-01 16:55:16,627 - INFO - Generating embeddings for 1 texts...
2025-12-01 16:55:17,249 - INFO - ✅ Generated 1 embeddings (dim=1024)
2025-12-01 16:55:17,249 - INFO - Generating embeddings for 1 texts...
2025-12-01 16:55:17,859 - INFO - ✅ Generated 1 embeddings (dim=1024)
2025-12-01 16:55:17,859 - INFO - Generating embeddings for 1 texts...
2025-12-01 16:55:18,219 - INFO - ✅ Generated 1 embeddings (dim=1024)
2025-12-01 16:55:18,220 - INFO - Generating embeddings for 1 texts...
2025-12-01 16:55:18,711 - INFO - ✅ Generated 1 embeddings (dim=1024)
2025-12-01 16:55:18,711 - INFO - Generating embeddings for 1 texts...
2025-12-01 16:55:19,301 - INFO - ✅ Generated 1 embeddings (dim=1024)
2025-12-01 16:55:19,301 - INFO - Generating embeddings for 1 texts...
2025-12-01 16:55:19,955 - INFO - ✅ Generated 1 embeddings (dim=1024)
2025-12-01 16:55:19,955 - INFO - Generating embeddings for 1 texts...
2025-12-01 16:55:20,554 - INFO - ✅ Generated 1 embeddings (dim=1024)
2025-12-01 16:55:20,555 - INFO - Generating embeddings for 1 texts...
2025-12-01 16:55:21,156 - INFO - ✅ Generated 1 embeddings (dim=1024)
2025-12-01 16:55:21,156 - INFO - Generating embeddings for 1 texts...
2025-12-01 16:55:21,828 - INFO - ✅ Generated 1 embeddings (dim=1024)
2025-12-01 16:55:21,828 - INFO - Generating embeddings for 1 texts...
2025-12-01 16:55:22,536 - INFO - ✅ Generated 1 embeddings (dim=1024)
2025-12-01 16:55:22,537 - INFO - Generating embeddings for 1 texts...
2025-12-01 16:55:23,181 - INFO - ✅ Generated 1 embeddings (dim=1024)
2025-12-01 16:55:23,181 - INFO - Generating embeddings for 1 texts...
2025-12-01 16:55:23,826 - INFO - ✅ Generated 1 embeddings (dim=1024)
2025-12-01 16:55:23,826 - INFO - Generating embeddings for 1 texts...
2025-12-01 16:55:24,458 - INFO - ✅ Generated 1 embeddings (dim=1024)
2025-12-01 16:55:24,458 - INFO - Generating embeddings for 1 texts...
2025-12-01 16:55:25,074 - INFO - ✅ Generated 1 embeddings (dim=1024)
2025-12-01 16:55:25,075 - INFO - Generating embeddings for 1 texts...
2025-12-01 16:55:25,741 - INFO - ✅ Generated 1 embeddings (dim=1024)
2025-12-01 16:55:25,741 - INFO - Generating embeddings for 1 texts...
2025-12-01 16:55:26,339 - INFO - ✅ Generated 1 embeddings (dim=1024)
2025-12-01 16:55:26,339 - INFO - Generating embeddings for 1 texts...
2025-12-01 16:55:26,959 - INFO - ✅ Generated 1 embeddings (dim=1024)
2025-12-01 16:55:26,959 - INFO - Generating embeddings for 1 texts...
2025-12-01 16:55:27,567 - INFO - ✅ Generated 1 embeddings (dim=1024)
2025-12-01 16:55:27,567 - INFO - Generating embeddings for 1 texts...
2025-12-01 16:55:28,259 - INFO - ✅ Generated 1 embeddings (dim=1024)
2025-12-01 16:55:28,260 - INFO - Generating embeddings for 1 texts...
2025-12-01 16:55:28,878 - INFO - ✅ Generated 1 embeddings (dim=1024)
2025-12-01 16:55:28,878 - INFO - Generating embeddings for 1 texts...
2025-12-01 16:55:29,473 - INFO - ✅ Generated 1 embeddings (dim=1024)
2025-12-01 16:55:29,473 - INFO - Generating embeddings for 1 texts...
2025-12-01 16:55:30,073 - INFO - ✅ Generated 1 embeddings (dim=1024)
2025-12-01 16:55:30,073 - INFO - Generating embeddings for 1 texts...
2025-12-01 16:55:30,646 - INFO - ✅ Generated 1 embeddings (dim=1024)
2025-12-01 16:55:30,647 - INFO - Generating embeddings for 1 texts...
2025-12-01 16:55:31,341 - INFO - ✅ Generated 1 embeddings (dim=1024)
2025-12-01 16:55:31,341 - INFO - Generating embeddings for 1 texts...
2025-12-01 16:55:31,911 - INFO - ✅ Generated 1 embeddings (dim=1024)
2025-12-01 16:55:31,911 - INFO - Generating embeddings for 1 texts...
2025-12-01 16:55:32,329 - INFO - ✅ Generated 1 embeddings (dim=1024)
2025-12-01 16:55:32,329 - INFO - Generating embeddings for 1 texts...
2025-12-01 16:55:32,937 - INFO - ✅ Generated 1 embeddings (dim=1024)
2025-12-01 16:55:32,937 - INFO - Generating embeddings for 1 texts...
2025-12-01 16:55:33,496 - INFO - ✅ Generated 1 embeddings (dim=1024)
2025-12-01 16:55:33,496 - INFO - Generating embeddings for 1 texts...
2025-12-01 16:55:34,086 - INFO - ✅ Generated 1 embeddings (dim=1024)
2025-12-01 16:55:34,086 - INFO - Generating embeddings for 1 texts...
2025-12-01 16:55:34,527 - INFO - ✅ Generated 1 embeddings (dim=1024)
2025-12-01 16:55:34,527 - INFO - Generating embeddings for 1 texts...
2025-12-01 16:55:34,954 - INFO - ✅ Generated 1 embeddings (dim=1024)
2025-12-01 16:55:34,954 - INFO - Generating embeddings for 1 texts...
2025-12-01 16:55:35,443 - INFO - ✅ Generated 1 embeddings (dim=1024)
2025-12-01 16:55:35,444 - INFO - Generating embeddings for 1 texts...
2025-12-01 16:55:36,128 - INFO - ✅ Generated 1 embeddings (dim=1024)
2025-12-01 16:55:36,128 - INFO - Generating embeddings for 1 texts...
2025-12-01 16:55:36,725 - INFO - ✅ Generated 1 embeddings (dim=1024)
2025-12-01 16:55:36,726 - INFO - Generating embeddings for 1 texts...
2025-12-01 16:55:37,185 - INFO - ✅ Generated 1 embeddings (dim=1024)
2025-12-01 16:55:37,185 - INFO - Generating embeddings for 1 texts...
2025-12-01 16:55:37,738 - INFO - ✅ Generated 1 embeddings (dim=1024)
2025-12-01 16:55:37,738 - INFO - Generating embeddings for 1 texts...
2025-12-01 16:55:38,384 - INFO - ✅ Generated 1 embeddings (dim=1024)
2025-12-01 16:55:38,384 - INFO - Generating embeddings for 1 texts...
2025-12-01 16:55:39,021 - INFO - ✅ Generated 1 embeddings (dim=1024)
2025-12-01 16:55:39,021 - INFO - Generating embeddings for 1 texts...
2025-12-01 16:55:39,677 - INFO - ✅ Generated 1 embeddings (dim=1024)
2025-12-01 16:55:39,677 - INFO - Generating embeddings for 1 texts...
2025-12-01 16:55:40,153 - INFO - ✅ Generated 1 embeddings (dim=1024)
2025-12-01 16:55:40,154 - INFO - Generating embeddings for 1 texts...
2025-12-01 16:55:40,636 - INFO - ✅ Generated 1 embeddings (dim=1024)
2025-12-01 16:55:40,636 - INFO - Generating embeddings for 1 texts...
2025-12-01 16:55:41,200 - INFO - ✅ Generated 1 embeddings (dim=1024)
2025-12-01 16:55:41,200 - INFO - Generating embeddings for 1 texts...
2025-12-01 16:55:41,616 - INFO - ✅ Generated 1 embeddings (dim=1024)
2025-12-01 16:55:41,616 - INFO - Generating embeddings for 1 texts...
2025-12-01 16:55:42,184 - INFO - ✅ Generated 1 embeddings (dim=1024)
2025-12-01 16:55:42,184 - INFO - Generating embeddings for 1 texts...
2025-12-01 16:55:42,694 - INFO - ✅ Generated 1 embeddings (dim=1024)
2025-12-01 16:55:42,694 - INFO - Generating embeddings for 1 texts...
2025-12-01 16:55:43,207 - INFO - ✅ Generated 1 embeddings (dim=1024)
2025-12-01 16:55:43,207 - INFO - Generating embeddings for 1 texts...
2025-12-01 16:55:43,519 - INFO - ✅ Generated 1 embeddings (dim=1024)
2025-12-01 16:55:43,519 - INFO - Generating embeddings for 1 texts...
2025-12-01 16:55:43,969 - INFO - ✅ Generated 1 embeddings (dim=1024)
2025-12-01 16:55:43,969 - INFO - Generating embeddings for 1 texts...
2025-12-01 16:55:44,567 - INFO - ✅ Generated 1 embeddings (dim=1024)
2025-12-01 16:55:44,567 - INFO - Generating embeddings for 1 texts...
2025-12-01 16:55:45,057 - INFO - ✅ Generated 1 embeddings (dim=1024)
2025-12-01 16:55:45,057 - INFO - Generating embeddings for 1 texts...
2025-12-01 16:55:45,686 - INFO - ✅ Generated 1 embeddings (dim=1024)
2025-12-01 16:55:45,686 - INFO - Generating embeddings for 1 texts...
2025-12-01 16:55:46,295 - INFO - ✅ Generated 1 embeddings (dim=1024)
2025-12-01 16:55:46,295 - INFO - Generating embeddings for 1 texts...
2025-12-01 16:55:46,943 - INFO - ✅ Generated 1 embeddings (dim=1024)
2025-12-01 16:55:46,944 - INFO - Generating embeddings for 1 texts...
2025-12-01 16:55:47,536 - INFO - ✅ Generated 1 embeddings (dim=1024)
2025-12-01 16:55:47,536 - INFO - Generating embeddings for 1 texts...
2025-12-01 16:55:48,106 - INFO - ✅ Generated 1 embeddings (dim=1024)
2025-12-01 16:55:48,106 - INFO - Generating embeddings for 1 texts...
2025-12-01 16:55:48,742 - INFO - ✅ Generated 1 embeddings (dim=1024)
2025-12-01 16:55:48,742 - INFO - Generating embeddings for 1 texts...
2025-12-01 16:55:49,376 - INFO - ✅ Generated 1 embeddings (dim=1024)
2025-12-01 16:55:49,377 - INFO - Generating embeddings for 1 texts...
2025-12-01 16:55:49,977 - INFO - ✅ Generated 1 embeddings (dim=1024)
2025-12-01 16:55:49,978 - INFO - Generating embeddings for 1 texts...
2025-12-01 16:55:50,547 - INFO - ✅ Generated 1 embeddings (dim=1024)
2025-12-01 16:55:50,548 - INFO - Generating embeddings for 1 texts...
2025-12-01 16:55:51,166 - INFO - ✅ Generated 1 embeddings (dim=1024)
2025-12-01 16:55:51,166 - INFO - Generating embeddings for 1 texts...
2025-12-01 16:55:51,683 - INFO - ✅ Generated 1 embeddings (dim=1024)
2025-12-01 16:55:51,683 - INFO - Generating embeddings for 1 texts...
2025-12-01 16:55:52,291 - INFO - ✅ Generated 1 embeddings (dim=1024)
2025-12-01 16:55:52,291 - INFO - Generating embeddings for 1 texts...
2025-12-01 16:55:52,894 - INFO - ✅ Generated 1 embeddings (dim=1024)
2025-12-01 16:55:52,894 - INFO - Generating embeddings for 1 texts...
2025-12-01 16:55:53,446 - INFO - ✅ Generated 1 embeddings (dim=1024)
2025-12-01 16:55:53,447 - INFO - Generating embeddings for 1 texts...
2025-12-01 16:55:54,007 - INFO - ✅ Generated 1 embeddings (dim=1024)
2025-12-01 16:55:54,007 - INFO - Generating embeddings for 1 texts...
2025-12-01 16:55:54,581 - INFO - ✅ Generated 1 embeddings (dim=1024)
2025-12-01 16:55:54,581 - INFO - Generating embeddings for 1 texts...
2025-12-01 16:55:55,192 - INFO - ✅ Generated 1 embeddings (dim=1024)
2025-12-01 16:55:55,192 - INFO - Generating embeddings for 1 texts...
2025-12-01 16:55:55,816 - INFO - ✅ Generated 1 embeddings (dim=1024)
2025-12-01 16:55:55,816 - INFO - Generating embeddings for 1 texts...
2025-12-01 16:55:56,538 - INFO - ✅ Generated 1 embeddings (dim=1024)
2025-12-01 16:55:56,538 - INFO - Generating embeddings for 1 texts...
2025-12-01 16:55:57,228 - INFO - ✅ Generated 1 embeddings (dim=1024)
2025-12-01 16:55:57,229 - INFO - Generating embeddings for 1 texts...
2025-12-01 16:55:57,782 - INFO - ✅ Generated 1 embeddings (dim=1024)
2025-12-01 16:55:57,783 - INFO - Generating embeddings for 1 texts...
2025-12-01 16:55:58,182 - INFO - ✅ Generated 1 embeddings (dim=1024)
2025-12-01 16:55:58,182 - INFO - Generating embeddings for 1 texts...
2025-12-01 16:55:58,877 - INFO - ✅ Generated 1 embeddings (dim=1024)
2025-12-01 16:55:58,878 - INFO - Generating embeddings for 1 texts...
2025-12-01 16:55:59,542 - INFO - ✅ Generated 1 embeddings (dim=1024)
2025-12-01 16:55:59,542 - INFO - Generating embeddings for 1 texts...
2025-12-01 16:56:00,190 - INFO - ✅ Generated 1 embeddings (dim=1024)
2025-12-01 16:56:00,190 - INFO - Generating embeddings for 1 texts...
2025-12-01 16:56:00,855 - INFO - ✅ Generated 1 embeddings (dim=1024)
2025-12-01 16:56:00,856 - INFO - Generating embeddings for 1 texts...
2025-12-01 16:56:01,543 - INFO - ✅ Generated 1 embeddings (dim=1024)
2025-12-01 16:56:01,543 - INFO - Generating embeddings for 1 texts...
2025-12-01 16:56:02,222 - INFO - ✅ Generated 1 embeddings (dim=1024)
2025-12-01 16:56:02,222 - INFO - Generating embeddings for 1 texts...
2025-12-01 16:56:02,971 - INFO - ✅ Generated 1 embeddings (dim=1024)
2025-12-01 16:56:02,972 - INFO - Generating embeddings for 1 texts...
2025-12-01 16:56:03,701 - INFO - ✅ Generated 1 embeddings (dim=1024)
2025-12-01 16:56:03,701 - INFO - Generating embeddings for 1 texts...
2025-12-01 16:56:04,409 - INFO - ✅ Generated 1 embeddings (dim=1024)
2025-12-01 16:56:04,409 - INFO - Generating embeddings for 1 texts...
2025-12-01 16:56:05,046 - INFO - ✅ Generated 1 embeddings (dim=1024)
2025-12-01 16:56:05,047 - INFO - Generating embeddings for 1 texts...
2025-12-01 16:56:05,714 - INFO - ✅ Generated 1 embeddings (dim=1024)
2025-12-01 16:56:05,714 - INFO - Generating embeddings for 1 texts...
2025-12-01 16:56:06,427 - INFO - ✅ Generated 1 embeddings (dim=1024)
2025-12-01 16:56:06,427 - INFO - Generating embeddings for 1 texts...
2025-12-01 16:56:07,134 - INFO - ✅ Generated 1 embeddings (dim=1024)
2025-12-01 16:56:07,134 - INFO - Generating embeddings for 1 texts...
2025-12-01 16:56:07,773 - INFO - ✅ Generated 1 embeddings (dim=1024)
2025-12-01 16:56:07,773 - INFO - Generating embeddings for 1 texts...
2025-12-01 16:56:08,499 - INFO - ✅ Generated 1 embeddings (dim=1024)
2025-12-01 16:56:08,499 - INFO - Generating embeddings for 1 texts...
2025-12-01 16:56:09,107 - INFO - ✅ Generated 1 embeddings (dim=1024)
2025-12-01 16:56:09,107 - INFO - Generating embeddings for 1 texts...
2025-12-01 16:56:09,756 - INFO - ✅ Generated 1 embeddings (dim=1024)
2025-12-01 16:56:09,756 - INFO - Generating embeddings for 1 texts...
2025-12-01 16:56:10,401 - INFO - ✅ Generated 1 embeddings (dim=1024)
2025-12-01 16:56:10,401 - INFO - Generating embeddings for 1 texts...
2025-12-01 16:56:10,998 - INFO - ✅ Generated 1 embeddings (dim=1024)
2025-12-01 16:56:10,998 - INFO - Generating embeddings for 1 texts...
2025-12-01 16:56:11,399 - INFO - ✅ Generated 1 embeddings (dim=1024)
2025-12-01 16:56:11,399 - INFO - Generating embeddings for 1 texts...
2025-12-01 16:56:11,814 - INFO - ✅ Generated 1 embeddings (dim=1024)
2025-12-01 16:56:11,814 - INFO - Generating embeddings for 1 texts...
2025-12-01 16:56:12,190 - INFO - ✅ Generated 1 embeddings (dim=1024)
2025-12-01 16:56:12,190 - INFO - Generating embeddings for 1 texts...
2025-12-01 16:56:12,512 - INFO - ✅ Generated 1 embeddings (dim=1024)
2025-12-01 16:56:12,512 - INFO - Generating embeddings for 1 texts...
2025-12-01 16:56:13,421 - INFO - ✅ Generated 1 embeddings (dim=1024)
2025-12-01 16:56:13,421 - INFO - Generating embeddings for 1 texts...
2025-12-01 16:56:14,264 - INFO - ✅ Generated 1 embeddings (dim=1024)
2025-12-01 16:56:14,264 - INFO - Generating embeddings for 1 texts...
2025-12-01 16:56:15,328 - INFO - ✅ Generated 1 embeddings (dim=1024)
2025-12-01 16:56:15,329 - INFO - Generating embeddings for 1 texts...
2025-12-01 16:56:16,165 - INFO - ✅ Generated 1 embeddings (dim=1024)
2025-12-01 16:56:16,166 - INFO - Generating embeddings for 1 texts...
2025-12-01 16:56:16,971 - INFO - ✅ Generated 1 embeddings (dim=1024)
2025-12-01 16:56:16,971 - INFO - Generating embeddings for 1 texts...
2025-12-01 16:56:17,621 - INFO - ✅ Generated 1 embeddings (dim=1024)
2025-12-01 16:56:17,621 - INFO - Generating embeddings for 1 texts...
2025-12-01 16:56:18,423 - INFO - ✅ Generated 1 embeddings (dim=1024)
2025-12-01 16:56:18,423 - INFO - Generating embeddings for 1 texts...
2025-12-01 16:56:19,380 - INFO - ✅ Generated 1 embeddings (dim=1024)
2025-12-01 16:56:19,380 - INFO - Generating embeddings for 1 texts...
2025-12-01 16:56:20,213 - INFO - ✅ Generated 1 embeddings (dim=1024)
2025-12-01 16:56:20,213 - INFO - Generating embeddings for 1 texts...
2025-12-01 16:56:21,067 - INFO - ✅ Generated 1 embeddings (dim=1024)
2025-12-01 16:56:21,068 - INFO - Generating embeddings for 1 texts...
2025-12-01 16:56:21,967 - INFO - ✅ Generated 1 embeddings (dim=1024)
2025-12-01 16:56:21,968 - INFO - Generating embeddings for 1 texts...
2025-12-01 16:56:22,843 - INFO - ✅ Generated 1 embeddings (dim=1024)
2025-12-01 16:56:22,844 - INFO - Generating embeddings for 1 texts...
2025-12-01 16:56:23,751 - INFO - ✅ Generated 1 embeddings (dim=1024)
2025-12-01 16:56:23,751 - INFO - Generating embeddings for 1 texts...
2025-12-01 16:56:24,665 - INFO - ✅ Generated 1 embeddings (dim=1024)
2025-12-01 16:56:24,666 - INFO - Generating embeddings for 1 texts...
2025-12-01 16:56:25,099 - INFO - ✅ Generated 1 embeddings (dim=1024)
2025-12-01 16:56:25,099 - INFO - Generating embeddings for 1 texts...
2025-12-01 16:56:25,451 - INFO - ✅ Generated 1 embeddings (dim=1024)
2025-12-01 16:56:25,452 - INFO - Generating embeddings for 1 texts...
2025-12-01 16:56:25,956 - INFO - ✅ Generated 1 embeddings (dim=1024)
2025-12-01 16:56:25,957 - INFO - Generating embeddings for 1 texts...
2025-12-01 16:56:26,399 - INFO - ✅ Generated 1 embeddings (dim=1024)
2025-12-01 16:56:26,399 - INFO - Generating embeddings for 1 texts...
2025-12-01 16:56:26,840 - INFO - ✅ Generated 1 embeddings (dim=1024)
2025-12-01 16:56:26,840 - INFO - Generating embeddings for 1 texts...
2025-12-01 16:56:27,288 - INFO - ✅ Generated 1 embeddings (dim=1024)
2025-12-01 16:56:27,288 - INFO - Generating embeddings for 1 texts...
2025-12-01 16:56:27,811 - INFO - ✅ Generated 1 embeddings (dim=1024)
2025-12-01 16:56:27,811 - INFO - Generating embeddings for 1 texts...
2025-12-01 16:56:28,354 - INFO - ✅ Generated 1 embeddings (dim=1024)
2025-12-01 16:56:28,354 - INFO - Generating embeddings for 1 texts...
2025-12-01 16:56:28,857 - INFO - ✅ Generated 1 embeddings (dim=1024)
2025-12-01 16:56:28,857 - INFO - Generating embeddings for 1 texts...
2025-12-01 16:56:29,384 - INFO - ✅ Generated 1 embeddings (dim=1024)
2025-12-01 16:56:29,384 - INFO - Generating embeddings for 1 texts...
2025-12-01 16:56:29,846 - INFO - ✅ Generated 1 embeddings (dim=1024)
2025-12-01 16:56:29,847 - INFO - Generating embeddings for 1 texts...
2025-12-01 16:56:30,348 - INFO - ✅ Generated 1 embeddings (dim=1024)
2025-12-01 16:56:30,348 - INFO - Generating embeddings for 1 texts...
2025-12-01 16:56:30,801 - INFO - ✅ Generated 1 embeddings (dim=1024)
2025-12-01 16:56:30,801 - INFO - Generating embeddings for 1 texts...
2025-12-01 16:56:31,214 - INFO - ✅ Generated 1 embeddings (dim=1024)
2025-12-01 16:56:31,215 - INFO - Generating embeddings for 1 texts...
2025-12-01 16:56:31,385 - INFO - ✅ Generated 1 embeddings (dim=1024)
2025-12-01 16:56:31,385 - INFO - Generating embeddings for 1 texts...
2025-12-01 16:56:31,702 - INFO - ✅ Generated 1 embeddings (dim=1024)
2025-12-01 16:56:31,702 - INFO - Generating embeddings for 1 texts...
2025-12-01 16:56:31,918 - INFO - ✅ Generated 1 embeddings (dim=1024)
2025-12-01 16:56:31,919 - INFO - Generating embeddings for 1 texts...
2025-12-01 16:56:32,146 - INFO - ✅ Generated 1 embeddings (dim=1024)
2025-12-01 16:56:32,147 - INFO - Generating embeddings for 1 texts...
2025-12-01 16:56:32,406 - INFO - ✅ Generated 1 embeddings (dim=1024)
2025-12-01 16:56:32,406 - INFO - Generating embeddings for 1 texts...
2025-12-01 16:56:32,676 - INFO - ✅ Generated 1 embeddings (dim=1024)
2025-12-01 16:56:32,676 - INFO -     完成 Decoding_Large_Language_Models_packt_2024.pdf: 385 頁
2025-12-01 16:56:32,676 - INFO -   處理 PDF: Hands_On_Large_Language_Models_oreilly_2024.pdf
2025-12-01 16:56:34,979 - INFO -     提取 595 頁 from Hands_On_Large_Language_Models_oreilly_2024.pdf
2025-12-01 16:56:34,979 - INFO - Generating embeddings for 1 texts...
2025-12-01 16:56:35,452 - INFO - ✅ Generated 1 embeddings (dim=1024)
2025-12-01 16:56:35,452 - INFO - Generating embeddings for 1 texts...
2025-12-01 16:56:36,152 - INFO - ✅ Generated 1 embeddings (dim=1024)
2025-12-01 16:56:36,152 - INFO - Generating embeddings for 1 texts...
2025-12-01 16:56:36,258 - INFO - ✅ Generated 1 embeddings (dim=1024)
2025-12-01 16:56:36,258 - INFO - Generating embeddings for 1 texts...
2025-12-01 16:56:36,415 - INFO - ✅ Generated 1 embeddings (dim=1024)
2025-12-01 16:56:36,415 - INFO - Generating embeddings for 1 texts...
2025-12-01 16:56:36,826 - INFO - ✅ Generated 1 embeddings (dim=1024)
2025-12-01 16:56:36,826 - INFO - Generating embeddings for 1 texts...
2025-12-01 16:56:37,166 - INFO - ✅ Generated 1 embeddings (dim=1024)
2025-12-01 16:56:37,166 - INFO - Generating embeddings for 1 texts...
2025-12-01 16:56:37,622 - INFO - ✅ Generated 1 embeddings (dim=1024)
2025-12-01 16:56:37,622 - INFO - Generating embeddings for 1 texts...
2025-12-01 16:56:38,037 - INFO - ✅ Generated 1 embeddings (dim=1024)
2025-12-01 16:56:38,037 - INFO - Generating embeddings for 1 texts...
2025-12-01 16:56:38,162 - INFO - ✅ Generated 1 embeddings (dim=1024)
2025-12-01 16:56:38,162 - INFO - Generating embeddings for 1 texts...
2025-12-01 16:56:38,378 - INFO - ✅ Generated 1 embeddings (dim=1024)
2025-12-01 16:56:38,378 - INFO - Generating embeddings for 1 texts...
2025-12-01 16:56:38,609 - INFO - ✅ Generated 1 embeddings (dim=1024)
2025-12-01 16:56:38,609 - INFO - Generating embeddings for 1 texts...
2025-12-01 16:56:39,059 - INFO - ✅ Generated 1 embeddings (dim=1024)
2025-12-01 16:56:39,060 - INFO - Generating embeddings for 1 texts...
2025-12-01 16:56:39,399 - INFO - ✅ Generated 1 embeddings (dim=1024)
2025-12-01 16:56:39,400 - INFO - Generating embeddings for 1 texts...
2025-12-01 16:56:39,664 - INFO - ✅ Generated 1 embeddings (dim=1024)
2025-12-01 16:56:39,664 - INFO - Generating embeddings for 1 texts...
2025-12-01 16:56:40,075 - INFO - ✅ Generated 1 embeddings (dim=1024)
2025-12-01 16:56:40,075 - INFO - Generating embeddings for 1 texts...
2025-12-01 16:56:40,358 - INFO - ✅ Generated 1 embeddings (dim=1024)
2025-12-01 16:56:40,358 - INFO - Generating embeddings for 1 texts...
2025-12-01 16:56:40,858 - INFO - ✅ Generated 1 embeddings (dim=1024)
2025-12-01 16:56:40,858 - INFO - Generating embeddings for 1 texts...
2025-12-01 16:56:41,447 - INFO - ✅ Generated 1 embeddings (dim=1024)
2025-12-01 16:56:41,447 - INFO - Generating embeddings for 1 texts...
2025-12-01 16:56:41,814 - INFO - ✅ Generated 1 embeddings (dim=1024)
2025-12-01 16:56:41,814 - INFO - Generating embeddings for 1 texts...
2025-12-01 16:56:41,891 - INFO - ✅ Generated 1 embeddings (dim=1024)
2025-12-01 16:56:41,891 - INFO - Generating embeddings for 1 texts...
2025-12-01 16:56:42,377 - INFO - ✅ Generated 1 embeddings (dim=1024)
2025-12-01 16:56:42,377 - INFO - Generating embeddings for 1 texts...
2025-12-01 16:56:42,792 - INFO - ✅ Generated 1 embeddings (dim=1024)
2025-12-01 16:56:42,792 - INFO - Generating embeddings for 1 texts...
2025-12-01 16:56:43,166 - INFO - ✅ Generated 1 embeddings (dim=1024)
2025-12-01 16:56:43,166 - INFO - Generating embeddings for 1 texts...
2025-12-01 16:56:43,438 - INFO - ✅ Generated 1 embeddings (dim=1024)
2025-12-01 16:56:43,438 - INFO - Generating embeddings for 1 texts...
2025-12-01 16:56:43,722 - INFO - ✅ Generated 1 embeddings (dim=1024)
2025-12-01 16:56:43,722 - INFO - Generating embeddings for 1 texts...
2025-12-01 16:56:44,105 - INFO - ✅ Generated 1 embeddings (dim=1024)
2025-12-01 16:56:44,105 - INFO - Generating embeddings for 1 texts...
2025-12-01 16:56:44,422 - INFO - ✅ Generated 1 embeddings (dim=1024)
2025-12-01 16:56:44,422 - INFO - Generating embeddings for 1 texts...
2025-12-01 16:56:44,812 - INFO - ✅ Generated 1 embeddings (dim=1024)
2025-12-01 16:56:44,812 - INFO - Generating embeddings for 1 texts...
2025-12-01 16:56:45,145 - INFO - ✅ Generated 1 embeddings (dim=1024)
2025-12-01 16:56:45,145 - INFO - Generating embeddings for 1 texts...
2025-12-01 16:56:45,456 - INFO - ✅ Generated 1 embeddings (dim=1024)
2025-12-01 16:56:45,456 - INFO - Generating embeddings for 1 texts...
2025-12-01 16:56:45,675 - INFO - ✅ Generated 1 embeddings (dim=1024)
2025-12-01 16:56:45,675 - INFO - Generating embeddings for 1 texts...
2025-12-01 16:56:45,877 - INFO - ✅ Generated 1 embeddings (dim=1024)
2025-12-01 16:56:45,877 - INFO - Generating embeddings for 1 texts...
2025-12-01 16:56:46,165 - INFO - ✅ Generated 1 embeddings (dim=1024)
2025-12-01 16:56:46,165 - INFO - Generating embeddings for 1 texts...
2025-12-01 16:56:46,406 - INFO - ✅ Generated 1 embeddings (dim=1024)
2025-12-01 16:56:46,406 - INFO - Generating embeddings for 1 texts...
2025-12-01 16:56:46,735 - INFO - ✅ Generated 1 embeddings (dim=1024)
2025-12-01 16:56:46,736 - INFO - Generating embeddings for 1 texts...
2025-12-01 16:56:46,921 - INFO - ✅ Generated 1 embeddings (dim=1024)
2025-12-01 16:56:46,921 - INFO - Generating embeddings for 1 texts...
2025-12-01 16:56:47,095 - INFO - ✅ Generated 1 embeddings (dim=1024)
2025-12-01 16:56:47,095 - INFO - Generating embeddings for 1 texts...
2025-12-01 16:56:47,272 - INFO - ✅ Generated 1 embeddings (dim=1024)
2025-12-01 16:56:47,272 - INFO - Generating embeddings for 1 texts...
2025-12-01 16:56:47,437 - INFO - ✅ Generated 1 embeddings (dim=1024)
2025-12-01 16:56:47,437 - INFO - Generating embeddings for 1 texts...
2025-12-01 16:56:47,783 - INFO - ✅ Generated 1 embeddings (dim=1024)
2025-12-01 16:56:47,783 - INFO - Generating embeddings for 1 texts...
2025-12-01 16:56:48,054 - INFO - ✅ Generated 1 embeddings (dim=1024)
2025-12-01 16:56:48,055 - INFO - Generating embeddings for 1 texts...
2025-12-01 16:56:48,353 - INFO - ✅ Generated 1 embeddings (dim=1024)
2025-12-01 16:56:48,353 - INFO - Generating embeddings for 1 texts...
2025-12-01 16:56:48,909 - INFO - ✅ Generated 1 embeddings (dim=1024)
2025-12-01 16:56:48,909 - INFO - Generating embeddings for 1 texts...
2025-12-01 16:56:49,106 - INFO - ✅ Generated 1 embeddings (dim=1024)
2025-12-01 16:56:49,106 - INFO - Generating embeddings for 1 texts...
2025-12-01 16:56:49,408 - INFO - ✅ Generated 1 embeddings (dim=1024)
2025-12-01 16:56:49,408 - INFO - Generating embeddings for 1 texts...
2025-12-01 16:56:49,607 - INFO - ✅ Generated 1 embeddings (dim=1024)
2025-12-01 16:56:49,607 - INFO - Generating embeddings for 1 texts...
2025-12-01 16:56:49,888 - INFO - ✅ Generated 1 embeddings (dim=1024)
2025-12-01 16:56:49,889 - INFO - Generating embeddings for 1 texts...
2025-12-01 16:56:50,203 - INFO - ✅ Generated 1 embeddings (dim=1024)
2025-12-01 16:56:50,204 - INFO - Generating embeddings for 1 texts...
2025-12-01 16:56:50,665 - INFO - ✅ Generated 1 embeddings (dim=1024)
2025-12-01 16:56:50,665 - INFO - Generating embeddings for 1 texts...
2025-12-01 16:56:51,036 - INFO - ✅ Generated 1 embeddings (dim=1024)
2025-12-01 16:56:51,036 - INFO - Generating embeddings for 1 texts...
2025-12-01 16:56:51,381 - INFO - ✅ Generated 1 embeddings (dim=1024)
2025-12-01 16:56:51,381 - INFO - Generating embeddings for 1 texts...
2025-12-01 16:56:51,774 - INFO - ✅ Generated 1 embeddings (dim=1024)
2025-12-01 16:56:51,774 - INFO - Generating embeddings for 1 texts...
2025-12-01 16:56:52,184 - INFO - ✅ Generated 1 embeddings (dim=1024)
2025-12-01 16:56:52,184 - INFO - Generating embeddings for 1 texts...
2025-12-01 16:56:52,543 - INFO - ✅ Generated 1 embeddings (dim=1024)
2025-12-01 16:56:52,543 - INFO - Generating embeddings for 1 texts...
2025-12-01 16:56:53,049 - INFO - ✅ Generated 1 embeddings (dim=1024)
2025-12-01 16:56:53,049 - INFO - Generating embeddings for 1 texts...
2025-12-01 16:56:53,489 - INFO - ✅ Generated 1 embeddings (dim=1024)
2025-12-01 16:56:53,490 - INFO - Generating embeddings for 1 texts...
2025-12-01 16:56:53,900 - INFO - ✅ Generated 1 embeddings (dim=1024)
2025-12-01 16:56:53,900 - INFO - Generating embeddings for 1 texts...
2025-12-01 16:56:54,383 - INFO - ✅ Generated 1 embeddings (dim=1024)
2025-12-01 16:56:54,383 - INFO - Generating embeddings for 1 texts...
2025-12-01 16:56:54,907 - INFO - ✅ Generated 1 embeddings (dim=1024)
2025-12-01 16:56:54,907 - INFO - Generating embeddings for 1 texts...
2025-12-01 16:56:55,373 - INFO - ✅ Generated 1 embeddings (dim=1024)
2025-12-01 16:56:55,373 - INFO - Generating embeddings for 1 texts...
2025-12-01 16:56:55,709 - INFO - ✅ Generated 1 embeddings (dim=1024)
2025-12-01 16:56:55,710 - INFO - Generating embeddings for 1 texts...
2025-12-01 16:56:56,156 - INFO - ✅ Generated 1 embeddings (dim=1024)
2025-12-01 16:56:56,156 - INFO - Generating embeddings for 1 texts...
2025-12-01 16:56:56,840 - INFO - ✅ Generated 1 embeddings (dim=1024)
2025-12-01 16:56:56,840 - INFO - Generating embeddings for 1 texts...
2025-12-01 16:56:57,077 - INFO - ✅ Generated 1 embeddings (dim=1024)
2025-12-01 16:56:57,077 - INFO - Generating embeddings for 1 texts...
2025-12-01 16:56:57,386 - INFO - ✅ Generated 1 embeddings (dim=1024)
2025-12-01 16:56:57,386 - INFO - Generating embeddings for 1 texts...
2025-12-01 16:56:57,706 - INFO - ✅ Generated 1 embeddings (dim=1024)
2025-12-01 16:56:57,707 - INFO - Generating embeddings for 1 texts...
2025-12-01 16:56:58,001 - INFO - ✅ Generated 1 embeddings (dim=1024)
2025-12-01 16:56:58,001 - INFO - Generating embeddings for 1 texts...
2025-12-01 16:56:58,422 - INFO - ✅ Generated 1 embeddings (dim=1024)
2025-12-01 16:56:58,422 - INFO - Generating embeddings for 1 texts...
2025-12-01 16:56:58,851 - INFO - ✅ Generated 1 embeddings (dim=1024)
2025-12-01 16:56:58,852 - INFO - Generating embeddings for 1 texts...
2025-12-01 16:56:58,961 - INFO - ✅ Generated 1 embeddings (dim=1024)
2025-12-01 16:56:58,961 - INFO - Generating embeddings for 1 texts...
2025-12-01 16:56:59,412 - INFO - ✅ Generated 1 embeddings (dim=1024)
2025-12-01 16:56:59,412 - INFO - Generating embeddings for 1 texts...
2025-12-01 16:56:59,845 - INFO - ✅ Generated 1 embeddings (dim=1024)
2025-12-01 16:56:59,846 - INFO - Generating embeddings for 1 texts...
2025-12-01 16:57:00,146 - INFO - ✅ Generated 1 embeddings (dim=1024)
2025-12-01 16:57:00,146 - INFO - Generating embeddings for 1 texts...
2025-12-01 16:57:00,505 - INFO - ✅ Generated 1 embeddings (dim=1024)
2025-12-01 16:57:00,505 - INFO - Generating embeddings for 1 texts...
2025-12-01 16:57:00,780 - INFO - ✅ Generated 1 embeddings (dim=1024)
2025-12-01 16:57:00,780 - INFO - Generating embeddings for 1 texts...
2025-12-01 16:57:01,298 - INFO - ✅ Generated 1 embeddings (dim=1024)
2025-12-01 16:57:01,298 - INFO - Generating embeddings for 1 texts...
2025-12-01 16:57:01,635 - INFO - ✅ Generated 1 embeddings (dim=1024)
2025-12-01 16:57:01,635 - INFO - Generating embeddings for 1 texts...
2025-12-01 16:57:02,093 - INFO - ✅ Generated 1 embeddings (dim=1024)
2025-12-01 16:57:02,093 - INFO - Generating embeddings for 1 texts...
2025-12-01 16:57:02,514 - INFO - ✅ Generated 1 embeddings (dim=1024)
2025-12-01 16:57:02,514 - INFO - Generating embeddings for 1 texts...
2025-12-01 16:57:02,980 - INFO - ✅ Generated 1 embeddings (dim=1024)
2025-12-01 16:57:02,981 - INFO - Generating embeddings for 1 texts...
2025-12-01 16:57:03,379 - INFO - ✅ Generated 1 embeddings (dim=1024)
2025-12-01 16:57:03,379 - INFO - Generating embeddings for 1 texts...
2025-12-01 16:57:03,809 - INFO - ✅ Generated 1 embeddings (dim=1024)
2025-12-01 16:57:03,809 - INFO - Generating embeddings for 1 texts...
2025-12-01 16:57:04,160 - INFO - ✅ Generated 1 embeddings (dim=1024)
2025-12-01 16:57:04,160 - INFO - Generating embeddings for 1 texts...
2025-12-01 16:57:04,535 - INFO - ✅ Generated 1 embeddings (dim=1024)
2025-12-01 16:57:04,535 - INFO - Generating embeddings for 1 texts...
2025-12-01 16:57:04,924 - INFO - ✅ Generated 1 embeddings (dim=1024)
2025-12-01 16:57:04,925 - INFO - Generating embeddings for 1 texts...
2025-12-01 16:57:05,196 - INFO - ✅ Generated 1 embeddings (dim=1024)
2025-12-01 16:57:05,196 - INFO - Generating embeddings for 1 texts...
2025-12-01 16:57:05,601 - INFO - ✅ Generated 1 embeddings (dim=1024)
2025-12-01 16:57:05,601 - INFO - Generating embeddings for 1 texts...
2025-12-01 16:57:06,024 - INFO - ✅ Generated 1 embeddings (dim=1024)
2025-12-01 16:57:06,024 - INFO - Generating embeddings for 1 texts...
2025-12-01 16:57:06,390 - INFO - ✅ Generated 1 embeddings (dim=1024)
2025-12-01 16:57:06,391 - INFO - Generating embeddings for 1 texts...
2025-12-01 16:57:06,643 - INFO - ✅ Generated 1 embeddings (dim=1024)
2025-12-01 16:57:06,643 - INFO - Generating embeddings for 1 texts...
2025-12-01 16:57:07,081 - INFO - ✅ Generated 1 embeddings (dim=1024)
2025-12-01 16:57:07,081 - INFO - Generating embeddings for 1 texts...
2025-12-01 16:57:07,490 - INFO - ✅ Generated 1 embeddings (dim=1024)
2025-12-01 16:57:07,490 - INFO - Generating embeddings for 1 texts...
2025-12-01 16:57:07,895 - INFO - ✅ Generated 1 embeddings (dim=1024)
2025-12-01 16:57:07,895 - INFO - Generating embeddings for 1 texts...
2025-12-01 16:57:08,229 - INFO - ✅ Generated 1 embeddings (dim=1024)
2025-12-01 16:57:08,230 - INFO - Generating embeddings for 1 texts...
2025-12-01 16:57:08,575 - INFO - ✅ Generated 1 embeddings (dim=1024)
2025-12-01 16:57:08,575 - INFO - Generating embeddings for 1 texts...
2025-12-01 16:57:08,936 - INFO - ✅ Generated 1 embeddings (dim=1024)
2025-12-01 16:57:08,936 - INFO - Generating embeddings for 1 texts...
2025-12-01 16:57:09,244 - INFO - ✅ Generated 1 embeddings (dim=1024)
2025-12-01 16:57:09,244 - INFO - Generating embeddings for 1 texts...
2025-12-01 16:57:09,440 - INFO - ✅ Generated 1 embeddings (dim=1024)
2025-12-01 16:57:09,440 - INFO - Generating embeddings for 1 texts...
2025-12-01 16:57:09,743 - INFO - ✅ Generated 1 embeddings (dim=1024)
2025-12-01 16:57:09,743 - INFO - Generating embeddings for 1 texts...
2025-12-01 16:57:10,184 - INFO - ✅ Generated 1 embeddings (dim=1024)
2025-12-01 16:57:10,184 - INFO - Generating embeddings for 1 texts...
2025-12-01 16:57:10,681 - INFO - ✅ Generated 1 embeddings (dim=1024)
2025-12-01 16:57:10,681 - INFO - Generating embeddings for 1 texts...
2025-12-01 16:57:11,140 - INFO - ✅ Generated 1 embeddings (dim=1024)
2025-12-01 16:57:11,140 - INFO - Generating embeddings for 1 texts...
2025-12-01 16:57:11,406 - INFO - ✅ Generated 1 embeddings (dim=1024)
2025-12-01 16:57:11,406 - INFO - Generating embeddings for 1 texts...
2025-12-01 16:57:11,804 - INFO - ✅ Generated 1 embeddings (dim=1024)
2025-12-01 16:57:11,804 - INFO - Generating embeddings for 1 texts...
2025-12-01 16:57:12,047 - INFO - ✅ Generated 1 embeddings (dim=1024)
2025-12-01 16:57:12,047 - INFO - Generating embeddings for 1 texts...
2025-12-01 16:57:12,473 - INFO - ✅ Generated 1 embeddings (dim=1024)
2025-12-01 16:57:12,473 - INFO - Generating embeddings for 1 texts...
2025-12-01 16:57:12,716 - INFO - ✅ Generated 1 embeddings (dim=1024)
2025-12-01 16:57:12,716 - INFO - Generating embeddings for 1 texts...
2025-12-01 16:57:13,001 - INFO - ✅ Generated 1 embeddings (dim=1024)
2025-12-01 16:57:13,001 - INFO - Generating embeddings for 1 texts...
2025-12-01 16:57:13,574 - INFO - ✅ Generated 1 embeddings (dim=1024)
2025-12-01 16:57:13,574 - INFO - Generating embeddings for 1 texts...
2025-12-01 16:57:13,897 - INFO - ✅ Generated 1 embeddings (dim=1024)
2025-12-01 16:57:13,897 - INFO - Generating embeddings for 1 texts...
2025-12-01 16:57:14,246 - INFO - ✅ Generated 1 embeddings (dim=1024)
2025-12-01 16:57:14,247 - INFO - Generating embeddings for 1 texts...
2025-12-01 16:57:14,815 - INFO - ✅ Generated 1 embeddings (dim=1024)
2025-12-01 16:57:14,815 - INFO - Generating embeddings for 1 texts...
2025-12-01 16:57:14,937 - INFO - ✅ Generated 1 embeddings (dim=1024)
2025-12-01 16:57:14,938 - INFO - Generating embeddings for 1 texts...
2025-12-01 16:57:15,350 - INFO - ✅ Generated 1 embeddings (dim=1024)
2025-12-01 16:57:15,350 - INFO - Generating embeddings for 1 texts...
2025-12-01 16:57:15,592 - INFO - ✅ Generated 1 embeddings (dim=1024)
2025-12-01 16:57:15,592 - INFO - Generating embeddings for 1 texts...
2025-12-01 16:57:15,790 - INFO - ✅ Generated 1 embeddings (dim=1024)
2025-12-01 16:57:15,790 - INFO - Generating embeddings for 1 texts...
2025-12-01 16:57:15,928 - INFO - ✅ Generated 1 embeddings (dim=1024)
2025-12-01 16:57:15,928 - INFO - Generating embeddings for 1 texts...
2025-12-01 16:57:16,279 - INFO - ✅ Generated 1 embeddings (dim=1024)
2025-12-01 16:57:16,280 - INFO - Generating embeddings for 1 texts...
2025-12-01 16:57:16,616 - INFO - ✅ Generated 1 embeddings (dim=1024)
2025-12-01 16:57:16,616 - INFO - Generating embeddings for 1 texts...
2025-12-01 16:57:16,874 - INFO - ✅ Generated 1 embeddings (dim=1024)
2025-12-01 16:57:16,874 - INFO - Generating embeddings for 1 texts...
2025-12-01 16:57:17,304 - INFO - ✅ Generated 1 embeddings (dim=1024)
2025-12-01 16:57:17,304 - INFO - Generating embeddings for 1 texts...
2025-12-01 16:57:17,777 - INFO - ✅ Generated 1 embeddings (dim=1024)
2025-12-01 16:57:17,777 - INFO - Generating embeddings for 1 texts...
2025-12-01 16:57:18,204 - INFO - ✅ Generated 1 embeddings (dim=1024)
2025-12-01 16:57:18,205 - INFO - Generating embeddings for 1 texts...
2025-12-01 16:57:18,635 - INFO - ✅ Generated 1 embeddings (dim=1024)
2025-12-01 16:57:18,635 - INFO - Generating embeddings for 1 texts...
2025-12-01 16:57:18,879 - INFO - ✅ Generated 1 embeddings (dim=1024)
2025-12-01 16:57:18,880 - INFO - Generating embeddings for 1 texts...
2025-12-01 16:57:19,173 - INFO - ✅ Generated 1 embeddings (dim=1024)
2025-12-01 16:57:19,174 - INFO - Generating embeddings for 1 texts...
2025-12-01 16:57:19,568 - INFO - ✅ Generated 1 embeddings (dim=1024)
2025-12-01 16:57:19,569 - INFO - Generating embeddings for 1 texts...
2025-12-01 16:57:19,865 - INFO - ✅ Generated 1 embeddings (dim=1024)
2025-12-01 16:57:19,865 - INFO - Generating embeddings for 1 texts...
2025-12-01 16:57:20,278 - INFO - ✅ Generated 1 embeddings (dim=1024)
2025-12-01 16:57:20,279 - INFO - Generating embeddings for 1 texts...
2025-12-01 16:57:20,537 - INFO - ✅ Generated 1 embeddings (dim=1024)
2025-12-01 16:57:20,537 - INFO - Generating embeddings for 1 texts...
2025-12-01 16:57:20,829 - INFO - ✅ Generated 1 embeddings (dim=1024)
2025-12-01 16:57:20,829 - INFO - Generating embeddings for 1 texts...
2025-12-01 16:57:21,037 - INFO - ✅ Generated 1 embeddings (dim=1024)
2025-12-01 16:57:21,038 - INFO - Generating embeddings for 1 texts...
2025-12-01 16:57:21,493 - INFO - ✅ Generated 1 embeddings (dim=1024)
2025-12-01 16:57:21,493 - INFO - Generating embeddings for 1 texts...
2025-12-01 16:57:21,763 - INFO - ✅ Generated 1 embeddings (dim=1024)
2025-12-01 16:57:21,763 - INFO - Generating embeddings for 1 texts...
2025-12-01 16:57:22,021 - INFO - ✅ Generated 1 embeddings (dim=1024)
2025-12-01 16:57:22,021 - INFO - Generating embeddings for 1 texts...
2025-12-01 16:57:22,336 - INFO - ✅ Generated 1 embeddings (dim=1024)
2025-12-01 16:57:22,336 - INFO - Generating embeddings for 1 texts...
2025-12-01 16:57:22,576 - INFO - ✅ Generated 1 embeddings (dim=1024)
2025-12-01 16:57:22,576 - INFO - Generating embeddings for 1 texts...
2025-12-01 16:57:22,819 - INFO - ✅ Generated 1 embeddings (dim=1024)
2025-12-01 16:57:22,820 - INFO - Generating embeddings for 1 texts...
2025-12-01 16:57:23,092 - INFO - ✅ Generated 1 embeddings (dim=1024)
2025-12-01 16:57:23,092 - INFO - Generating embeddings for 1 texts...
2025-12-01 16:57:23,270 - INFO - ✅ Generated 1 embeddings (dim=1024)
2025-12-01 16:57:23,270 - INFO - Generating embeddings for 1 texts...
2025-12-01 16:57:23,519 - INFO - ✅ Generated 1 embeddings (dim=1024)
2025-12-01 16:57:23,519 - INFO - Generating embeddings for 1 texts...
2025-12-01 16:57:23,923 - INFO - ✅ Generated 1 embeddings (dim=1024)
2025-12-01 16:57:23,923 - INFO - Generating embeddings for 1 texts...
2025-12-01 16:57:24,106 - INFO - ✅ Generated 1 embeddings (dim=1024)
2025-12-01 16:57:24,106 - INFO - Generating embeddings for 1 texts...
2025-12-01 16:57:24,343 - INFO - ✅ Generated 1 embeddings (dim=1024)
2025-12-01 16:57:24,343 - INFO - Generating embeddings for 1 texts...
2025-12-01 16:57:24,709 - INFO - ✅ Generated 1 embeddings (dim=1024)
2025-12-01 16:57:24,709 - INFO - Generating embeddings for 1 texts...
2025-12-01 16:57:24,819 - INFO - ✅ Generated 1 embeddings (dim=1024)
2025-12-01 16:57:24,819 - INFO - Generating embeddings for 1 texts...
2025-12-01 16:57:25,032 - INFO - ✅ Generated 1 embeddings (dim=1024)
2025-12-01 16:57:25,033 - INFO - Generating embeddings for 1 texts...
2025-12-01 16:57:25,356 - INFO - ✅ Generated 1 embeddings (dim=1024)
2025-12-01 16:57:25,356 - INFO - Generating embeddings for 1 texts...
2025-12-01 16:57:25,542 - INFO - ✅ Generated 1 embeddings (dim=1024)
2025-12-01 16:57:25,543 - INFO - Generating embeddings for 1 texts...
2025-12-01 16:57:25,766 - INFO - ✅ Generated 1 embeddings (dim=1024)
2025-12-01 16:57:25,766 - INFO - Generating embeddings for 1 texts...
2025-12-01 16:57:26,157 - INFO - ✅ Generated 1 embeddings (dim=1024)
2025-12-01 16:57:26,157 - INFO - Generating embeddings for 1 texts...
2025-12-01 16:57:26,525 - INFO - ✅ Generated 1 embeddings (dim=1024)
2025-12-01 16:57:26,525 - INFO - Generating embeddings for 1 texts...
2025-12-01 16:57:26,670 - INFO - ✅ Generated 1 embeddings (dim=1024)
2025-12-01 16:57:26,670 - INFO - Generating embeddings for 1 texts...
2025-12-01 16:57:26,930 - INFO - ✅ Generated 1 embeddings (dim=1024)
2025-12-01 16:57:26,930 - INFO - Generating embeddings for 1 texts...
2025-12-01 16:57:27,389 - INFO - ✅ Generated 1 embeddings (dim=1024)
2025-12-01 16:57:27,389 - INFO - Generating embeddings for 1 texts...
2025-12-01 16:57:27,802 - INFO - ✅ Generated 1 embeddings (dim=1024)
2025-12-01 16:57:27,803 - INFO - Generating embeddings for 1 texts...
2025-12-01 16:57:27,885 - INFO - ✅ Generated 1 embeddings (dim=1024)
2025-12-01 16:57:27,886 - INFO - Generating embeddings for 1 texts...
2025-12-01 16:57:28,249 - INFO - ✅ Generated 1 embeddings (dim=1024)
2025-12-01 16:57:28,249 - INFO - Generating embeddings for 1 texts...
2025-12-01 16:57:28,552 - INFO - ✅ Generated 1 embeddings (dim=1024)
2025-12-01 16:57:28,552 - INFO - Generating embeddings for 1 texts...
2025-12-01 16:57:28,969 - INFO - ✅ Generated 1 embeddings (dim=1024)
2025-12-01 16:57:28,969 - INFO - Generating embeddings for 1 texts...
2025-12-01 16:57:29,320 - INFO - ✅ Generated 1 embeddings (dim=1024)
2025-12-01 16:57:29,320 - INFO - Generating embeddings for 1 texts...
2025-12-01 16:57:29,674 - INFO - ✅ Generated 1 embeddings (dim=1024)
2025-12-01 16:57:29,674 - INFO - Generating embeddings for 1 texts...
2025-12-01 16:57:30,006 - INFO - ✅ Generated 1 embeddings (dim=1024)
2025-12-01 16:57:30,006 - INFO - Generating embeddings for 1 texts...
2025-12-01 16:57:30,352 - INFO - ✅ Generated 1 embeddings (dim=1024)
2025-12-01 16:57:30,353 - INFO - Generating embeddings for 1 texts...
2025-12-01 16:57:30,512 - INFO - ✅ Generated 1 embeddings (dim=1024)
2025-12-01 16:57:30,513 - INFO - Generating embeddings for 1 texts...
2025-12-01 16:57:30,810 - INFO - ✅ Generated 1 embeddings (dim=1024)
2025-12-01 16:57:30,810 - INFO - Generating embeddings for 1 texts...
2025-12-01 16:57:31,176 - INFO - ✅ Generated 1 embeddings (dim=1024)
2025-12-01 16:57:31,176 - INFO - Generating embeddings for 1 texts...
2025-12-01 16:57:31,458 - INFO - ✅ Generated 1 embeddings (dim=1024)
2025-12-01 16:57:31,458 - INFO - Generating embeddings for 1 texts...
2025-12-01 16:57:31,774 - INFO - ✅ Generated 1 embeddings (dim=1024)
2025-12-01 16:57:31,774 - INFO - Generating embeddings for 1 texts...
2025-12-01 16:57:32,103 - INFO - ✅ Generated 1 embeddings (dim=1024)
2025-12-01 16:57:32,103 - INFO - Generating embeddings for 1 texts...
2025-12-01 16:57:32,413 - INFO - ✅ Generated 1 embeddings (dim=1024)
2025-12-01 16:57:32,413 - INFO - Generating embeddings for 1 texts...
2025-12-01 16:57:32,653 - INFO - ✅ Generated 1 embeddings (dim=1024)
2025-12-01 16:57:32,653 - INFO - Generating embeddings for 1 texts...
2025-12-01 16:57:33,073 - INFO - ✅ Generated 1 embeddings (dim=1024)
2025-12-01 16:57:33,073 - INFO - Generating embeddings for 1 texts...
2025-12-01 16:57:33,348 - INFO - ✅ Generated 1 embeddings (dim=1024)
2025-12-01 16:57:33,349 - INFO - Generating embeddings for 1 texts...
2025-12-01 16:57:33,665 - INFO - ✅ Generated 1 embeddings (dim=1024)
2025-12-01 16:57:33,665 - INFO - Generating embeddings for 1 texts...
2025-12-01 16:57:33,895 - INFO - ✅ Generated 1 embeddings (dim=1024)
2025-12-01 16:57:33,895 - INFO - Generating embeddings for 1 texts...
2025-12-01 16:57:34,363 - INFO - ✅ Generated 1 embeddings (dim=1024)
2025-12-01 16:57:34,364 - INFO - Generating embeddings for 1 texts...
2025-12-01 16:57:34,803 - INFO - ✅ Generated 1 embeddings (dim=1024)
2025-12-01 16:57:34,803 - INFO - Generating embeddings for 1 texts...
2025-12-01 16:57:35,090 - INFO - ✅ Generated 1 embeddings (dim=1024)
2025-12-01 16:57:35,090 - INFO - Generating embeddings for 1 texts...
2025-12-01 16:57:35,319 - INFO - ✅ Generated 1 embeddings (dim=1024)
2025-12-01 16:57:35,319 - INFO - Generating embeddings for 1 texts...
2025-12-01 16:57:35,560 - INFO - ✅ Generated 1 embeddings (dim=1024)
2025-12-01 16:57:35,560 - INFO - Generating embeddings for 1 texts...
2025-12-01 16:57:36,086 - INFO - ✅ Generated 1 embeddings (dim=1024)
2025-12-01 16:57:36,087 - INFO - Generating embeddings for 1 texts...
2025-12-01 16:57:36,573 - INFO - ✅ Generated 1 embeddings (dim=1024)
2025-12-01 16:57:36,573 - INFO - Generating embeddings for 1 texts...
2025-12-01 16:57:36,958 - INFO - ✅ Generated 1 embeddings (dim=1024)
2025-12-01 16:57:36,958 - INFO - Generating embeddings for 1 texts...
2025-12-01 16:57:37,370 - INFO - ✅ Generated 1 embeddings (dim=1024)
2025-12-01 16:57:37,370 - INFO - Generating embeddings for 1 texts...
2025-12-01 16:57:37,829 - INFO - ✅ Generated 1 embeddings (dim=1024)
2025-12-01 16:57:37,829 - INFO - Generating embeddings for 1 texts...
2025-12-01 16:57:38,658 - INFO - ✅ Generated 1 embeddings (dim=1024)
2025-12-01 16:57:38,658 - INFO - Generating embeddings for 1 texts...
2025-12-01 16:57:39,130 - INFO - ✅ Generated 1 embeddings (dim=1024)
2025-12-01 16:57:39,131 - INFO - Generating embeddings for 1 texts...
2025-12-01 16:57:39,780 - INFO - ✅ Generated 1 embeddings (dim=1024)
2025-12-01 16:57:39,780 - INFO - Generating embeddings for 1 texts...
2025-12-01 16:57:40,051 - INFO - ✅ Generated 1 embeddings (dim=1024)
2025-12-01 16:57:40,052 - INFO - Generating embeddings for 1 texts...
2025-12-01 16:57:40,443 - INFO - ✅ Generated 1 embeddings (dim=1024)
2025-12-01 16:57:40,443 - INFO - Generating embeddings for 1 texts...
2025-12-01 16:57:40,851 - INFO - ✅ Generated 1 embeddings (dim=1024)
2025-12-01 16:57:40,851 - INFO - Generating embeddings for 1 texts...
2025-12-01 16:57:41,283 - INFO - ✅ Generated 1 embeddings (dim=1024)
2025-12-01 16:57:41,283 - INFO - Generating embeddings for 1 texts...
2025-12-01 16:57:41,606 - INFO - ✅ Generated 1 embeddings (dim=1024)
2025-12-01 16:57:41,607 - INFO - Generating embeddings for 1 texts...
2025-12-01 16:57:41,799 - INFO - ✅ Generated 1 embeddings (dim=1024)
2025-12-01 16:57:41,800 - INFO - Generating embeddings for 1 texts...
2025-12-01 16:57:42,240 - INFO - ✅ Generated 1 embeddings (dim=1024)
2025-12-01 16:57:42,240 - INFO - Generating embeddings for 1 texts...
2025-12-01 16:57:42,454 - INFO - ✅ Generated 1 embeddings (dim=1024)
2025-12-01 16:57:42,454 - INFO - Generating embeddings for 1 texts...
2025-12-01 16:57:42,829 - INFO - ✅ Generated 1 embeddings (dim=1024)
2025-12-01 16:57:42,829 - INFO - Generating embeddings for 1 texts...
2025-12-01 16:57:43,212 - INFO - ✅ Generated 1 embeddings (dim=1024)
2025-12-01 16:57:43,212 - INFO - Generating embeddings for 1 texts...
2025-12-01 16:57:43,652 - INFO - ✅ Generated 1 embeddings (dim=1024)
2025-12-01 16:57:43,652 - INFO - Generating embeddings for 1 texts...
2025-12-01 16:57:44,061 - INFO - ✅ Generated 1 embeddings (dim=1024)
2025-12-01 16:57:44,061 - INFO - Generating embeddings for 1 texts...
2025-12-01 16:57:44,320 - INFO - ✅ Generated 1 embeddings (dim=1024)
2025-12-01 16:57:44,320 - INFO - Generating embeddings for 1 texts...
2025-12-01 16:57:44,571 - INFO - ✅ Generated 1 embeddings (dim=1024)
2025-12-01 16:57:44,571 - INFO - Generating embeddings for 1 texts...
2025-12-01 16:57:44,890 - INFO - ✅ Generated 1 embeddings (dim=1024)
2025-12-01 16:57:44,890 - INFO - Generating embeddings for 1 texts...
2025-12-01 16:57:45,116 - INFO - ✅ Generated 1 embeddings (dim=1024)
2025-12-01 16:57:45,116 - INFO - Generating embeddings for 1 texts...
2025-12-01 16:57:45,442 - INFO - ✅ Generated 1 embeddings (dim=1024)
2025-12-01 16:57:45,442 - INFO - Generating embeddings for 1 texts...
2025-12-01 16:57:45,652 - INFO - ✅ Generated 1 embeddings (dim=1024)
2025-12-01 16:57:45,652 - INFO - Generating embeddings for 1 texts...
2025-12-01 16:57:45,978 - INFO - ✅ Generated 1 embeddings (dim=1024)
2025-12-01 16:57:45,978 - INFO - Generating embeddings for 1 texts...
2025-12-01 16:57:46,212 - INFO - ✅ Generated 1 embeddings (dim=1024)
2025-12-01 16:57:46,212 - INFO - Generating embeddings for 1 texts...
2025-12-01 16:57:46,542 - INFO - ✅ Generated 1 embeddings (dim=1024)
2025-12-01 16:57:46,542 - INFO - Generating embeddings for 1 texts...
2025-12-01 16:57:46,664 - INFO - ✅ Generated 1 embeddings (dim=1024)
2025-12-01 16:57:46,664 - INFO - Generating embeddings for 1 texts...
2025-12-01 16:57:46,856 - INFO - ✅ Generated 1 embeddings (dim=1024)
2025-12-01 16:57:46,857 - INFO - Generating embeddings for 1 texts...
2025-12-01 16:57:47,169 - INFO - ✅ Generated 1 embeddings (dim=1024)
2025-12-01 16:57:47,169 - INFO - Generating embeddings for 1 texts...
2025-12-01 16:57:47,678 - INFO - ✅ Generated 1 embeddings (dim=1024)
2025-12-01 16:57:47,678 - INFO - Generating embeddings for 1 texts...
2025-12-01 16:57:48,112 - INFO - ✅ Generated 1 embeddings (dim=1024)
2025-12-01 16:57:48,112 - INFO - Generating embeddings for 1 texts...
2025-12-01 16:57:48,379 - INFO - ✅ Generated 1 embeddings (dim=1024)
2025-12-01 16:57:48,379 - INFO - Generating embeddings for 1 texts...
2025-12-01 16:57:48,757 - INFO - ✅ Generated 1 embeddings (dim=1024)
2025-12-01 16:57:48,757 - INFO - Generating embeddings for 1 texts...
2025-12-01 16:57:48,998 - INFO - ✅ Generated 1 embeddings (dim=1024)
2025-12-01 16:57:48,998 - INFO - Generating embeddings for 1 texts...
2025-12-01 16:57:49,222 - INFO - ✅ Generated 1 embeddings (dim=1024)
2025-12-01 16:57:49,222 - INFO - Generating embeddings for 1 texts...
2025-12-01 16:57:49,652 - INFO - ✅ Generated 1 embeddings (dim=1024)
2025-12-01 16:57:49,652 - INFO - Generating embeddings for 1 texts...
2025-12-01 16:57:49,847 - INFO - ✅ Generated 1 embeddings (dim=1024)
2025-12-01 16:57:49,847 - INFO - Generating embeddings for 1 texts...
2025-12-01 16:57:50,188 - INFO - ✅ Generated 1 embeddings (dim=1024)
2025-12-01 16:57:50,188 - INFO - Generating embeddings for 1 texts...
2025-12-01 16:57:50,576 - INFO - ✅ Generated 1 embeddings (dim=1024)
2025-12-01 16:57:50,577 - INFO - Generating embeddings for 1 texts...
2025-12-01 16:57:50,928 - INFO - ✅ Generated 1 embeddings (dim=1024)
2025-12-01 16:57:50,928 - INFO - Generating embeddings for 1 texts...
2025-12-01 16:57:51,309 - INFO - ✅ Generated 1 embeddings (dim=1024)
2025-12-01 16:57:51,309 - INFO - Generating embeddings for 1 texts...
2025-12-01 16:57:51,689 - INFO - ✅ Generated 1 embeddings (dim=1024)
2025-12-01 16:57:51,689 - INFO - Generating embeddings for 1 texts...
2025-12-01 16:57:51,993 - INFO - ✅ Generated 1 embeddings (dim=1024)
2025-12-01 16:57:51,993 - INFO - Generating embeddings for 1 texts...
2025-12-01 16:57:52,363 - INFO - ✅ Generated 1 embeddings (dim=1024)
2025-12-01 16:57:52,363 - INFO - Generating embeddings for 1 texts...
2025-12-01 16:57:52,746 - INFO - ✅ Generated 1 embeddings (dim=1024)
2025-12-01 16:57:52,746 - INFO - Generating embeddings for 1 texts...
2025-12-01 16:57:52,909 - INFO - ✅ Generated 1 embeddings (dim=1024)
2025-12-01 16:57:52,909 - INFO - Generating embeddings for 1 texts...
2025-12-01 16:57:53,476 - INFO - ✅ Generated 1 embeddings (dim=1024)
2025-12-01 16:57:53,476 - INFO - Generating embeddings for 1 texts...
2025-12-01 16:57:53,757 - INFO - ✅ Generated 1 embeddings (dim=1024)
2025-12-01 16:57:53,757 - INFO - Generating embeddings for 1 texts...
2025-12-01 16:57:54,160 - INFO - ✅ Generated 1 embeddings (dim=1024)
2025-12-01 16:57:54,160 - INFO - Generating embeddings for 1 texts...
2025-12-01 16:57:54,528 - INFO - ✅ Generated 1 embeddings (dim=1024)
2025-12-01 16:57:54,528 - INFO - Generating embeddings for 1 texts...
2025-12-01 16:57:54,885 - INFO - ✅ Generated 1 embeddings (dim=1024)
2025-12-01 16:57:54,885 - INFO - Generating embeddings for 1 texts...
2025-12-01 16:57:55,191 - INFO - ✅ Generated 1 embeddings (dim=1024)
2025-12-01 16:57:55,191 - INFO - Generating embeddings for 1 texts...
2025-12-01 16:57:55,613 - INFO - ✅ Generated 1 embeddings (dim=1024)
2025-12-01 16:57:55,613 - INFO - Generating embeddings for 1 texts...
2025-12-01 16:57:55,970 - INFO - ✅ Generated 1 embeddings (dim=1024)
2025-12-01 16:57:55,970 - INFO - Generating embeddings for 1 texts...
2025-12-01 16:57:56,319 - INFO - ✅ Generated 1 embeddings (dim=1024)
2025-12-01 16:57:56,319 - INFO - Generating embeddings for 1 texts...
2025-12-01 16:57:56,538 - INFO - ✅ Generated 1 embeddings (dim=1024)
2025-12-01 16:57:56,538 - INFO - Generating embeddings for 1 texts...
2025-12-01 16:57:56,951 - INFO - ✅ Generated 1 embeddings (dim=1024)
2025-12-01 16:57:56,951 - INFO - Generating embeddings for 1 texts...
2025-12-01 16:57:57,171 - INFO - ✅ Generated 1 embeddings (dim=1024)
2025-12-01 16:57:57,171 - INFO - Generating embeddings for 1 texts...
2025-12-01 16:57:57,400 - INFO - ✅ Generated 1 embeddings (dim=1024)
2025-12-01 16:57:57,400 - INFO - Generating embeddings for 1 texts...
2025-12-01 16:57:57,688 - INFO - ✅ Generated 1 embeddings (dim=1024)
2025-12-01 16:57:57,689 - INFO - Generating embeddings for 1 texts...
2025-12-01 16:57:57,894 - INFO - ✅ Generated 1 embeddings (dim=1024)
2025-12-01 16:57:57,894 - INFO - Generating embeddings for 1 texts...
2025-12-01 16:57:58,082 - INFO - ✅ Generated 1 embeddings (dim=1024)
2025-12-01 16:57:58,082 - INFO - Generating embeddings for 1 texts...
2025-12-01 16:57:58,460 - INFO - ✅ Generated 1 embeddings (dim=1024)
2025-12-01 16:57:58,460 - INFO - Generating embeddings for 1 texts...
2025-12-01 16:57:58,818 - INFO - ✅ Generated 1 embeddings (dim=1024)
2025-12-01 16:57:58,818 - INFO - Generating embeddings for 1 texts...
2025-12-01 16:57:59,161 - INFO - ✅ Generated 1 embeddings (dim=1024)
2025-12-01 16:57:59,161 - INFO - Generating embeddings for 1 texts...
2025-12-01 16:57:59,301 - INFO - ✅ Generated 1 embeddings (dim=1024)
2025-12-01 16:57:59,301 - INFO - Generating embeddings for 1 texts...
2025-12-01 16:57:59,793 - INFO - ✅ Generated 1 embeddings (dim=1024)
2025-12-01 16:57:59,793 - INFO - Generating embeddings for 1 texts...
2025-12-01 16:58:00,122 - INFO - ✅ Generated 1 embeddings (dim=1024)
2025-12-01 16:58:00,122 - INFO - Generating embeddings for 1 texts...
2025-12-01 16:58:00,603 - INFO - ✅ Generated 1 embeddings (dim=1024)
2025-12-01 16:58:00,603 - INFO - Generating embeddings for 1 texts...
2025-12-01 16:58:01,089 - INFO - ✅ Generated 1 embeddings (dim=1024)
2025-12-01 16:58:01,089 - INFO - Generating embeddings for 1 texts...
2025-12-01 16:58:01,366 - INFO - ✅ Generated 1 embeddings (dim=1024)
2025-12-01 16:58:01,366 - INFO - Generating embeddings for 1 texts...
2025-12-01 16:58:01,796 - INFO - ✅ Generated 1 embeddings (dim=1024)
2025-12-01 16:58:01,796 - INFO - Generating embeddings for 1 texts...
2025-12-01 16:58:02,238 - INFO - ✅ Generated 1 embeddings (dim=1024)
2025-12-01 16:58:02,238 - INFO - Generating embeddings for 1 texts...
2025-12-01 16:58:02,728 - INFO - ✅ Generated 1 embeddings (dim=1024)
2025-12-01 16:58:02,728 - INFO - Generating embeddings for 1 texts...
2025-12-01 16:58:03,032 - INFO - ✅ Generated 1 embeddings (dim=1024)
2025-12-01 16:58:03,032 - INFO - Generating embeddings for 1 texts...
2025-12-01 16:58:03,344 - INFO - ✅ Generated 1 embeddings (dim=1024)
2025-12-01 16:58:03,344 - INFO - Generating embeddings for 1 texts...
2025-12-01 16:58:03,580 - INFO - ✅ Generated 1 embeddings (dim=1024)
2025-12-01 16:58:03,581 - INFO - Generating embeddings for 1 texts...
2025-12-01 16:58:04,049 - INFO - ✅ Generated 1 embeddings (dim=1024)
2025-12-01 16:58:04,049 - INFO - Generating embeddings for 1 texts...
2025-12-01 16:58:04,306 - INFO - ✅ Generated 1 embeddings (dim=1024)
2025-12-01 16:58:04,306 - INFO - Generating embeddings for 1 texts...
2025-12-01 16:58:04,505 - INFO - ✅ Generated 1 embeddings (dim=1024)
2025-12-01 16:58:04,505 - INFO - Generating embeddings for 1 texts...
2025-12-01 16:58:04,686 - INFO - ✅ Generated 1 embeddings (dim=1024)
2025-12-01 16:58:04,686 - INFO - Generating embeddings for 1 texts...
2025-12-01 16:58:05,134 - INFO - ✅ Generated 1 embeddings (dim=1024)
2025-12-01 16:58:05,134 - INFO - Generating embeddings for 1 texts...
2025-12-01 16:58:05,464 - INFO - ✅ Generated 1 embeddings (dim=1024)
2025-12-01 16:58:05,464 - INFO - Generating embeddings for 1 texts...
2025-12-01 16:58:05,790 - INFO - ✅ Generated 1 embeddings (dim=1024)
2025-12-01 16:58:05,790 - INFO - Generating embeddings for 1 texts...
2025-12-01 16:58:06,172 - INFO - ✅ Generated 1 embeddings (dim=1024)
2025-12-01 16:58:06,172 - INFO - Generating embeddings for 1 texts...
2025-12-01 16:58:06,633 - INFO - ✅ Generated 1 embeddings (dim=1024)
2025-12-01 16:58:06,633 - INFO - Generating embeddings for 1 texts...
2025-12-01 16:58:06,948 - INFO - ✅ Generated 1 embeddings (dim=1024)
2025-12-01 16:58:06,949 - INFO - Generating embeddings for 1 texts...
2025-12-01 16:58:07,381 - INFO - ✅ Generated 1 embeddings (dim=1024)
2025-12-01 16:58:07,381 - INFO - Generating embeddings for 1 texts...
2025-12-01 16:58:07,818 - INFO - ✅ Generated 1 embeddings (dim=1024)
2025-12-01 16:58:07,818 - INFO - Generating embeddings for 1 texts...
2025-12-01 16:58:08,180 - INFO - ✅ Generated 1 embeddings (dim=1024)
2025-12-01 16:58:08,180 - INFO - Generating embeddings for 1 texts...
2025-12-01 16:58:08,590 - INFO - ✅ Generated 1 embeddings (dim=1024)
2025-12-01 16:58:08,590 - INFO - Generating embeddings for 1 texts...
2025-12-01 16:58:09,123 - INFO - ✅ Generated 1 embeddings (dim=1024)
2025-12-01 16:58:09,123 - INFO - Generating embeddings for 1 texts...
2025-12-01 16:58:09,462 - INFO - ✅ Generated 1 embeddings (dim=1024)
2025-12-01 16:58:09,462 - INFO - Generating embeddings for 1 texts...
2025-12-01 16:58:09,827 - INFO - ✅ Generated 1 embeddings (dim=1024)
2025-12-01 16:58:09,827 - INFO - Generating embeddings for 1 texts...
2025-12-01 16:58:10,273 - INFO - ✅ Generated 1 embeddings (dim=1024)
2025-12-01 16:58:10,273 - INFO - Generating embeddings for 1 texts...
2025-12-01 16:58:10,669 - INFO - ✅ Generated 1 embeddings (dim=1024)
2025-12-01 16:58:10,669 - INFO - Generating embeddings for 1 texts...
2025-12-01 16:58:11,120 - INFO - ✅ Generated 1 embeddings (dim=1024)
2025-12-01 16:58:11,120 - INFO - Generating embeddings for 1 texts...
2025-12-01 16:58:11,550 - INFO - ✅ Generated 1 embeddings (dim=1024)
2025-12-01 16:58:11,550 - INFO - Generating embeddings for 1 texts...
2025-12-01 16:58:11,760 - INFO - ✅ Generated 1 embeddings (dim=1024)
2025-12-01 16:58:11,760 - INFO - Generating embeddings for 1 texts...
2025-12-01 16:58:12,161 - INFO - ✅ Generated 1 embeddings (dim=1024)
2025-12-01 16:58:12,161 - INFO - Generating embeddings for 1 texts...
2025-12-01 16:58:12,538 - INFO - ✅ Generated 1 embeddings (dim=1024)
2025-12-01 16:58:12,538 - INFO - Generating embeddings for 1 texts...
2025-12-01 16:58:12,878 - INFO - ✅ Generated 1 embeddings (dim=1024)
2025-12-01 16:58:12,878 - INFO - Generating embeddings for 1 texts...
2025-12-01 16:58:13,192 - INFO - ✅ Generated 1 embeddings (dim=1024)
2025-12-01 16:58:13,192 - INFO - Generating embeddings for 1 texts...
2025-12-01 16:58:13,686 - INFO - ✅ Generated 1 embeddings (dim=1024)
2025-12-01 16:58:13,686 - INFO - Generating embeddings for 1 texts...
2025-12-01 16:58:14,175 - INFO - ✅ Generated 1 embeddings (dim=1024)
2025-12-01 16:58:14,175 - INFO - Generating embeddings for 1 texts...
2025-12-01 16:58:14,641 - INFO - ✅ Generated 1 embeddings (dim=1024)
2025-12-01 16:58:14,641 - INFO - Generating embeddings for 1 texts...
2025-12-01 16:58:14,938 - INFO - ✅ Generated 1 embeddings (dim=1024)
2025-12-01 16:58:14,938 - INFO - Generating embeddings for 1 texts...
2025-12-01 16:58:15,243 - INFO - ✅ Generated 1 embeddings (dim=1024)
2025-12-01 16:58:15,243 - INFO - Generating embeddings for 1 texts...
2025-12-01 16:58:15,689 - INFO - ✅ Generated 1 embeddings (dim=1024)
2025-12-01 16:58:15,690 - INFO - Generating embeddings for 1 texts...
2025-12-01 16:58:16,106 - INFO - ✅ Generated 1 embeddings (dim=1024)
2025-12-01 16:58:16,106 - INFO - Generating embeddings for 1 texts...
2025-12-01 17:54:28,996 - INFO - 成功載入配置文件: /home/mapleleaf/Repos/projects/DocAI/scripts/skill_data/skill_config.json
2025-12-01 17:54:28,997 - INFO - Skill Metadata Provider initialized: /home/mapleleaf/Repos/projects/DocAI/data/skill_metadata.db
2025-12-01 17:54:28,997 - INFO - Using CPU as specified
2025-12-01 17:54:28,997 - INFO - Auto-detected device for embeddings: cpu
2025-12-01 17:54:28,997 - INFO - Embedding Provider configured with model: sentence-transformers/all-MiniLM-L6-v2, device: cpu
2025-12-01 17:54:29,066 - INFO - Loading embedding model: sentence-transformers/all-MiniLM-L6-v2
2025-12-01 17:54:29,067 - INFO - Load pretrained SentenceTransformer: sentence-transformers/all-MiniLM-L6-v2
2025-12-01 17:54:32,241 - INFO - Successfully loaded embedding model: sentence-transformers/all-MiniLM-L6-v2
2025-12-01 17:54:32,241 - INFO - Loading BGE-M3 model on cpu...
2025-12-01 17:54:32,242 - INFO - Load pretrained SentenceTransformer: BAAI/bge-m3
2025-12-01 17:54:36,332 - INFO - ✅ BGE-M3 model loaded successfully (dim=1024)
2025-12-01 17:54:36,350 - INFO - Loading faiss with AVX512 support.
2025-12-01 17:54:36,392 - INFO - Successfully loaded faiss with AVX512 support.
2025-12-01 17:54:36,399 - WARNING - `embedding_function` is expected to be an Embeddings object, support for passing in a function will soon be removed.
2025-12-01 17:54:36,400 - INFO - Loaded FAISS store 'skill_20251128_030424_b8cc08c1' (skill) from data/faiss_indices/skills/skill_20251128_030424_b8cc08c1
2025-12-01 17:54:36,400 - WARNING - `embedding_function` is expected to be an Embeddings object, support for passing in a function will soon be removed.
2025-12-01 17:54:36,400 - INFO - Loaded FAISS store 'skill_20251126_104421_4fdb3e9b' (skill) from data/faiss_indices/skills/skill_20251126_104421_4fdb3e9b
2025-12-01 17:54:36,401 - WARNING - `embedding_function` is expected to be an Embeddings object, support for passing in a function will soon be removed.
2025-12-01 17:54:36,401 - INFO - Loaded FAISS store 'skill_20251128_074913_b7380bf3' (skill) from data/faiss_indices/skills/skill_20251128_074913_b7380bf3
2025-12-01 17:54:36,401 - WARNING - `embedding_function` is expected to be an Embeddings object, support for passing in a function will soon be removed.
2025-12-01 17:54:36,401 - INFO - Loaded FAISS store 'skill_20251128_070451_b8cc08c1' (skill) from data/faiss_indices/skills/skill_20251128_070451_b8cc08c1
2025-12-01 17:54:36,401 - WARNING - `embedding_function` is expected to be an Embeddings object, support for passing in a function will soon be removed.
2025-12-01 17:54:36,401 - INFO - Loaded FAISS store 'skill_20251128_070644_b8cc08c1' (skill) from data/faiss_indices/skills/skill_20251128_070644_b8cc08c1
2025-12-01 17:54:36,402 - WARNING - `embedding_function` is expected to be an Embeddings object, support for passing in a function will soon be removed.
2025-12-01 17:54:36,402 - INFO - Loaded FAISS store 'skill_20251127_100500_b8cc08c1' (skill) from data/faiss_indices/skills/skill_20251127_100500_b8cc08c1
2025-12-01 17:54:36,403 - WARNING - `embedding_function` is expected to be an Embeddings object, support for passing in a function will soon be removed.
2025-12-01 17:54:36,403 - INFO - Loaded FAISS store 'skill_20251201_074336_d01fd9b0' (skill) from data/faiss_indices/skills/skill_20251201_074336_d01fd9b0
2025-12-01 17:54:36,405 - WARNING - `embedding_function` is expected to be an Embeddings object, support for passing in a function will soon be removed.
2025-12-01 17:54:36,405 - INFO - Loaded FAISS store 'skill_20251126_105138_b8cc08c1' (skill) from data/faiss_indices/skills/skill_20251126_105138_b8cc08c1
2025-12-01 17:54:36,406 - WARNING - `embedding_function` is expected to be an Embeddings object, support for passing in a function will soon be removed.
2025-12-01 17:54:36,406 - INFO - Loaded FAISS store 'skill_20251128_070013_b8cc08c1' (skill) from data/faiss_indices/skills/skill_20251128_070013_b8cc08c1
2025-12-01 17:54:36,408 - WARNING - `embedding_function` is expected to be an Embeddings object, support for passing in a function will soon be removed.
2025-12-01 17:54:36,408 - INFO - Loaded FAISS store 'skill_20251126_104649_f333015b' (skill) from data/faiss_indices/skills/skill_20251126_104649_f333015b
2025-12-01 17:54:36,408 - INFO - Loaded 10 FAISS stores from disk: ['skill_20251128_030424_b8cc08c1', 'skill_20251126_104421_4fdb3e9b', 'skill_20251128_074913_b7380bf3', 'skill_20251128_070451_b8cc08c1', 'skill_20251128_070644_b8cc08c1', 'skill_20251127_100500_b8cc08c1', 'skill_20251201_074336_d01fd9b0', 'skill_20251126_105138_b8cc08c1', 'skill_20251128_070013_b8cc08c1', 'skill_20251126_104649_f333015b']
2025-12-01 17:54:36,408 - INFO - Vector Store Provider initialized with backend: faiss
2025-12-01 17:54:36,408 - INFO - Skill Config Rebuilder 初始化完成
2025-12-01 17:54:36,408 - INFO -   配置文件: /home/mapleleaf/Repos/projects/DocAI/scripts/skill_data/skill_config.json
2025-12-01 17:54:36,408 - INFO -   Chunk Size: 1000
2025-12-01 17:54:36,408 - INFO -   Embedding Dimension: 1024
2025-12-01 17:54:36,408 - INFO - 
============================================================
2025-12-01 17:54:36,408 - INFO - 開始重建 Skills (from JSON config)
2025-12-01 17:54:36,408 - INFO - ============================================================
2025-12-01 17:54:36,408 - INFO - 
============================================================
2025-12-01 17:54:36,408 - INFO - 開始建立 Skill: 大語言模型大全
2025-12-01 17:54:36,408 - INFO - 描述: Large Language Model 基礎知識與實作
2025-12-01 17:54:36,408 - INFO - 類別: Technology
2025-12-01 17:54:36,408 - INFO - PDF 數量: 11
2025-12-01 17:54:36,408 - INFO - ============================================================
2025-12-01 17:54:36,408 - INFO - Skill ID: skill_20251201_095436_2a43e5ac
2025-12-01 17:54:36,408 - INFO -   處理 PDF: Build_a_Large_Language_Model_From_Scratch_manning_2024.pdf
2025-12-01 17:54:39,136 - INFO -     提取 370 頁 from Build_a_Large_Language_Model_From_Scratch_manning_2024.pdf
2025-12-01 17:54:39,136 - INFO -     生成 370 個 embeddings (batch processing)...
2025-12-01 17:54:39,140 - INFO - Generating embeddings for 370 texts...
2025-12-01 17:58:18,834 - INFO - ✅ Generated 370 embeddings (dim=1024)
2025-12-01 17:58:18,835 - INFO -     完成 Build_a_Large_Language_Model_From_Scratch_manning_2024.pdf: 370 頁 → 370 embeddings
2025-12-01 17:58:18,835 - INFO -   處理 PDF: Decoding_Large_Language_Models_packt_2024.pdf
2025-12-01 17:58:21,945 - INFO -     提取 385 頁 from Decoding_Large_Language_Models_packt_2024.pdf
2025-12-01 17:58:21,945 - INFO -     生成 385 個 embeddings (batch processing)...
2025-12-01 17:58:21,950 - INFO - Generating embeddings for 385 texts...
2025-12-01 18:01:23,149 - INFO - ✅ Generated 385 embeddings (dim=1024)
2025-12-01 18:01:23,149 - INFO -     完成 Decoding_Large_Language_Models_packt_2024.pdf: 385 頁 → 385 embeddings
2025-12-01 18:01:23,149 - INFO -   處理 PDF: Hands_On_Large_Language_Models_oreilly_2024.pdf
2025-12-01 18:01:24,891 - INFO -     提取 595 頁 from Hands_On_Large_Language_Models_oreilly_2024.pdf
2025-12-01 18:01:24,892 - INFO -     生成 595 個 embeddings (batch processing)...
2025-12-01 18:01:24,895 - INFO - Generating embeddings for 595 texts...
2025-12-01 18:04:20,205 - INFO - ✅ Generated 595 embeddings (dim=1024)
2025-12-01 18:04:20,205 - INFO -     完成 Hands_On_Large_Language_Models_oreilly_2024.pdf: 595 頁 → 595 embeddings
2025-12-01 18:04:20,205 - INFO -   處理 PDF: Large_Language_Models_Projects_apress_2024.pdf
2025-12-01 18:04:21,535 - INFO -     提取 366 頁 from Large_Language_Models_Projects_apress_2024.pdf
2025-12-01 18:04:21,535 - INFO -     生成 366 個 embeddings (batch processing)...
2025-12-01 18:04:21,539 - INFO - Generating embeddings for 366 texts...
2025-12-03 13:42:42,356 - INFO - 成功載入配置文件: /home/mapleleaf/LCJRepos/gitprjs/DocAI/scripts/skill_data/skill_config.json
2025-12-03 13:42:42,356 - INFO - Skill Metadata Provider initialized: /home/mapleleaf/LCJRepos/gitprjs/DocAI/data/skill_metadata.db
2025-12-03 13:42:42,356 - INFO - Using CPU as specified
2025-12-03 13:42:42,356 - INFO - Auto-detected device for embeddings: cpu
2025-12-03 13:42:42,356 - INFO - Embedding Provider configured with model: sentence-transformers/all-MiniLM-L6-v2, device: cpu
2025-12-03 13:42:42,456 - INFO - Loading embedding model: sentence-transformers/all-MiniLM-L6-v2
2025-12-03 13:42:42,457 - INFO - Load pretrained SentenceTransformer: sentence-transformers/all-MiniLM-L6-v2
2025-12-03 13:42:44,935 - INFO - Successfully loaded embedding model: sentence-transformers/all-MiniLM-L6-v2
2025-12-03 13:42:44,935 - INFO - Loading BGE-M3 model on cpu...
2025-12-03 13:42:44,937 - INFO - Load pretrained SentenceTransformer: BAAI/bge-m3
2025-12-03 13:42:49,214 - INFO - ✅ BGE-M3 model loaded successfully (dim=1024)
2025-12-03 13:42:49,229 - INFO - Loading faiss with AVX512 support.
2025-12-03 13:42:49,243 - INFO - Successfully loaded faiss with AVX512 support.
2025-12-03 13:42:49,247 - WARNING - `embedding_function` is expected to be an Embeddings object, support for passing in a function will soon be removed.
2025-12-03 13:42:49,247 - INFO - Loaded FAISS store 'skill_20251202_071626_d01fd9b0' (skill) from data/faiss_indices/skills/skill_20251202_071626_d01fd9b0
2025-12-03 13:42:49,248 - WARNING - `embedding_function` is expected to be an Embeddings object, support for passing in a function will soon be removed.
2025-12-03 13:42:49,248 - INFO - Loaded FAISS store 'skill_20251201_074336_d01fd9b0' (skill) from data/faiss_indices/skills/skill_20251201_074336_d01fd9b0
2025-12-03 13:42:49,249 - WARNING - `embedding_function` is expected to be an Embeddings object, support for passing in a function will soon be removed.
2025-12-03 13:42:49,249 - INFO - Loaded FAISS store 'skill_20251202_064106_f333015b' (skill) from data/faiss_indices/skills/skill_20251202_064106_f333015b
2025-12-03 13:42:49,250 - WARNING - `embedding_function` is expected to be an Embeddings object, support for passing in a function will soon be removed.
2025-12-03 13:42:49,251 - INFO - Loaded FAISS store 'skill_20251128_070013_b8cc08c1' (skill) from data/faiss_indices/skills/skill_20251128_070013_b8cc08c1
2025-12-03 13:42:49,252 - WARNING - `embedding_function` is expected to be an Embeddings object, support for passing in a function will soon be removed.
2025-12-03 13:42:49,252 - INFO - Loaded FAISS store 'skill_20251202_071055_b45c5a1f' (skill) from data/faiss_indices/skills/skill_20251202_071055_b45c5a1f
2025-12-03 13:42:49,253 - WARNING - `embedding_function` is expected to be an Embeddings object, support for passing in a function will soon be removed.
2025-12-03 13:42:49,253 - INFO - Loaded FAISS store 'skill_20251126_104421_4fdb3e9b' (skill) from data/faiss_indices/skills/skill_20251126_104421_4fdb3e9b
2025-12-03 13:42:49,254 - WARNING - `embedding_function` is expected to be an Embeddings object, support for passing in a function will soon be removed.
2025-12-03 13:42:49,254 - INFO - Loaded FAISS store 'skill_20251127_100500_b8cc08c1' (skill) from data/faiss_indices/skills/skill_20251127_100500_b8cc08c1
2025-12-03 13:42:49,256 - WARNING - `embedding_function` is expected to be an Embeddings object, support for passing in a function will soon be removed.
2025-12-03 13:42:49,256 - INFO - Loaded FAISS store 'skill_20251126_104649_f333015b' (skill) from data/faiss_indices/skills/skill_20251126_104649_f333015b
2025-12-03 13:42:49,258 - WARNING - `embedding_function` is expected to be an Embeddings object, support for passing in a function will soon be removed.
2025-12-03 13:42:49,258 - INFO - Loaded FAISS store 'skill_20251128_030424_b8cc08c1' (skill) from data/faiss_indices/skills/skill_20251128_030424_b8cc08c1
2025-12-03 13:42:49,259 - WARNING - `embedding_function` is expected to be an Embeddings object, support for passing in a function will soon be removed.
2025-12-03 13:42:49,259 - INFO - Loaded FAISS store 'skill_20251128_074913_b7380bf3' (skill) from data/faiss_indices/skills/skill_20251128_074913_b7380bf3
2025-12-03 13:42:49,264 - WARNING - `embedding_function` is expected to be an Embeddings object, support for passing in a function will soon be removed.
2025-12-03 13:42:49,264 - INFO - Loaded FAISS store 'skill_20251126_105138_b8cc08c1' (skill) from data/faiss_indices/skills/skill_20251126_105138_b8cc08c1
2025-12-03 13:42:49,265 - WARNING - `embedding_function` is expected to be an Embeddings object, support for passing in a function will soon be removed.
2025-12-03 13:42:49,265 - INFO - Loaded FAISS store 'skill_20251202_070843_4fdb3e9b' (skill) from data/faiss_indices/skills/skill_20251202_070843_4fdb3e9b
2025-12-03 13:42:49,265 - INFO - Loaded 12 FAISS stores from disk: ['skill_20251202_071626_d01fd9b0', 'skill_20251201_074336_d01fd9b0', 'skill_20251202_064106_f333015b', 'skill_20251128_070013_b8cc08c1', 'skill_20251202_071055_b45c5a1f', 'skill_20251126_104421_4fdb3e9b', 'skill_20251127_100500_b8cc08c1', 'skill_20251126_104649_f333015b', 'skill_20251128_030424_b8cc08c1', 'skill_20251128_074913_b7380bf3', 'skill_20251126_105138_b8cc08c1', 'skill_20251202_070843_4fdb3e9b']
2025-12-03 13:42:49,265 - INFO - Vector Store Provider initialized with backend: faiss
2025-12-03 13:42:49,265 - INFO - Skill Config Rebuilder 初始化完成
2025-12-03 13:42:49,265 - INFO -   配置文件: /home/mapleleaf/LCJRepos/gitprjs/DocAI/scripts/skill_data/skill_config.json
2025-12-03 13:42:49,265 - INFO -   Chunk Size: 1000
2025-12-03 13:42:49,265 - INFO -   Embedding Dimension: 1024
2025-12-03 13:42:49,265 - INFO - 
============================================================
2025-12-03 13:42:49,265 - INFO - 開始重建 Skills (from JSON config)
2025-12-03 13:42:49,265 - INFO - ============================================================
2025-12-03 13:42:49,265 - INFO - 
============================================================
2025-12-03 13:42:49,265 - INFO - 開始建立 Skill (Per-PDF Mode): 六法全書-民法
2025-12-03 13:42:49,265 - INFO - 描述: 民法及相關訴訟程序法規
2025-12-03 13:42:49,265 - INFO - 類別: Legal
2025-12-03 13:42:49,265 - INFO - PDF 數量: 5
2025-12-03 13:42:49,265 - INFO - ============================================================
2025-12-03 13:42:49,265 - INFO - Main Skill ID (Group Header): skill_20251203_054249_f333015b
2025-12-03 13:42:49,265 - INFO - 
  [1/5] 處理 PDF: 民法
2025-12-03 13:42:51,830 - INFO -     提取 260 頁 from 民法.pdf
2025-12-03 13:42:51,830 - INFO -     Child Skill ID: skill_20251203_054249_f333015b_src_00
2025-12-03 13:42:51,831 - INFO -     生成 260 個 embeddings (batch processing)...
2025-12-03 13:42:51,831 - INFO - Generating embeddings for 260 texts...
2025-12-03 13:45:17,947 - INFO - ✅ Generated 260 embeddings (dim=1024)
2025-12-03 13:45:17,947 - INFO -     存儲 FAISS 索引...
2025-12-03 13:45:17,948 - WARNING - `embedding_function` is expected to be an Embeddings object, support for passing in a function will soon be removed.
2025-12-03 13:45:17,951 - INFO - Saved FAISS store 'skill_20251203_054249_f333015b_src_00' (skill) to data/faiss_indices/skills/skill_20251203_054249_f333015b_src_00
2025-12-03 13:45:17,951 - INFO - Created FAISS store 'skill_20251203_054249_f333015b_src_00' with 260 chunks (persisted to disk)
2025-12-03 13:45:17,951 - INFO -   ✓ FAISS 存儲完成: skill_20251203_054249_f333015b_src_00
2025-12-03 13:45:17,951 - INFO -     存儲 SQLite metadata...
2025-12-03 13:45:17,953 - INFO - Created skill metadata: skill_20251203_054249_f333015b_src_00 (六法全書-民法), parent=skill_20251203_054249_f333015b, source=民法
2025-12-03 13:45:17,958 - INFO -     ✓ Child SQLite metadata 存儲完成: 民法
2025-12-03 13:45:17,958 - INFO -     ✅ 完成 民法: 260 頁 → 260 embeddings
2025-12-03 13:45:17,958 - INFO - 
  [2/5] 處理 PDF: 強制執行法
2025-12-03 13:45:18,449 - INFO -     提取 43 頁 from 強制執行法.pdf
2025-12-03 13:45:18,450 - INFO -     Child Skill ID: skill_20251203_054249_f333015b_src_01
2025-12-03 13:45:18,450 - INFO -     生成 43 個 embeddings (batch processing)...
2025-12-03 13:45:18,450 - INFO - Generating embeddings for 43 texts...
2025-12-03 13:45:49,484 - INFO - ✅ Generated 43 embeddings (dim=1024)
2025-12-03 13:45:49,484 - INFO -     存儲 FAISS 索引...
2025-12-03 13:45:49,485 - WARNING - `embedding_function` is expected to be an Embeddings object, support for passing in a function will soon be removed.
2025-12-03 13:45:49,485 - INFO - Saved FAISS store 'skill_20251203_054249_f333015b_src_01' (skill) to data/faiss_indices/skills/skill_20251203_054249_f333015b_src_01
2025-12-03 13:45:49,485 - INFO - Created FAISS store 'skill_20251203_054249_f333015b_src_01' with 43 chunks (persisted to disk)
2025-12-03 13:45:49,485 - INFO -   ✓ FAISS 存儲完成: skill_20251203_054249_f333015b_src_01
2025-12-03 13:45:49,485 - INFO -     存儲 SQLite metadata...
2025-12-03 13:45:49,487 - INFO - Created skill metadata: skill_20251203_054249_f333015b_src_01 (六法全書-民法), parent=skill_20251203_054249_f333015b, source=強制執行法
2025-12-03 13:45:49,490 - INFO -     ✓ Child SQLite metadata 存儲完成: 強制執行法
2025-12-03 13:45:49,490 - INFO -     ✅ 完成 強制執行法: 43 頁 → 43 embeddings
2025-12-03 13:45:49,490 - INFO - 
  [3/5] 處理 PDF: 家事事件法
2025-12-03 13:45:49,962 - INFO -     提取 61 頁 from 家事事件法.pdf
2025-12-03 13:45:49,962 - INFO -     Child Skill ID: skill_20251203_054249_f333015b_src_02
2025-12-03 13:45:49,962 - INFO -     生成 61 個 embeddings (batch processing)...
2025-12-03 13:45:49,963 - INFO - Generating embeddings for 61 texts...
2025-12-03 13:46:34,536 - INFO - ✅ Generated 61 embeddings (dim=1024)
2025-12-03 13:46:34,536 - INFO -     存儲 FAISS 索引...
2025-12-03 13:46:34,536 - WARNING - `embedding_function` is expected to be an Embeddings object, support for passing in a function will soon be removed.
2025-12-03 13:46:34,537 - INFO - Saved FAISS store 'skill_20251203_054249_f333015b_src_02' (skill) to data/faiss_indices/skills/skill_20251203_054249_f333015b_src_02
2025-12-03 13:46:34,537 - INFO - Created FAISS store 'skill_20251203_054249_f333015b_src_02' with 61 chunks (persisted to disk)
2025-12-03 13:46:34,537 - INFO -   ✓ FAISS 存儲完成: skill_20251203_054249_f333015b_src_02
2025-12-03 13:46:34,537 - INFO -     存儲 SQLite metadata...
2025-12-03 13:46:34,539 - INFO - Created skill metadata: skill_20251203_054249_f333015b_src_02 (六法全書-民法), parent=skill_20251203_054249_f333015b, source=家事事件法
2025-12-03 13:46:34,542 - INFO -     ✓ Child SQLite metadata 存儲完成: 家事事件法
2025-12-03 13:46:34,542 - INFO -     ✅ 完成 家事事件法: 61 頁 → 61 embeddings
2025-12-03 13:46:34,542 - INFO - 
  [4/5] 處理 PDF: 消費者保護法
2025-12-03 13:46:34,714 - INFO -     提取 21 頁 from 消費者保護法.pdf
2025-12-03 13:46:34,714 - INFO -     Child Skill ID: skill_20251203_054249_f333015b_src_03
2025-12-03 13:46:34,714 - INFO -     生成 21 個 embeddings (batch processing)...
2025-12-03 13:46:34,714 - INFO - Generating embeddings for 21 texts...
2025-12-03 13:46:49,048 - INFO - ✅ Generated 21 embeddings (dim=1024)
2025-12-03 13:46:49,048 - INFO -     存儲 FAISS 索引...
2025-12-03 13:46:49,048 - WARNING - `embedding_function` is expected to be an Embeddings object, support for passing in a function will soon be removed.
2025-12-03 13:46:49,048 - INFO - Saved FAISS store 'skill_20251203_054249_f333015b_src_03' (skill) to data/faiss_indices/skills/skill_20251203_054249_f333015b_src_03
2025-12-03 13:46:49,048 - INFO - Created FAISS store 'skill_20251203_054249_f333015b_src_03' with 21 chunks (persisted to disk)
2025-12-03 13:46:49,049 - INFO -   ✓ FAISS 存儲完成: skill_20251203_054249_f333015b_src_03
2025-12-03 13:46:49,049 - INFO -     存儲 SQLite metadata...
2025-12-03 13:46:49,053 - INFO - Created skill metadata: skill_20251203_054249_f333015b_src_03 (六法全書-民法), parent=skill_20251203_054249_f333015b, source=消費者保護法
2025-12-03 13:46:49,055 - INFO -     ✓ Child SQLite metadata 存儲完成: 消費者保護法
2025-12-03 13:46:49,055 - INFO -     ✅ 完成 消費者保護法: 21 頁 → 21 embeddings
2025-12-03 13:46:49,055 - INFO - 
  [5/5] 處理 PDF: 民事訴訟法
2025-12-03 13:46:50,624 - INFO -     提取 148 頁 from 民事訴訟法.pdf
2025-12-03 13:46:50,624 - INFO -     Child Skill ID: skill_20251203_054249_f333015b_src_04
2025-12-03 13:46:50,624 - INFO -     生成 148 個 embeddings (batch processing)...
2025-12-03 13:46:50,624 - INFO - Generating embeddings for 148 texts...
2025-12-03 13:48:22,546 - INFO - ✅ Generated 148 embeddings (dim=1024)
2025-12-03 13:48:22,546 - INFO -     存儲 FAISS 索引...
2025-12-03 13:48:22,547 - WARNING - `embedding_function` is expected to be an Embeddings object, support for passing in a function will soon be removed.
2025-12-03 13:48:22,548 - INFO - Saved FAISS store 'skill_20251203_054249_f333015b_src_04' (skill) to data/faiss_indices/skills/skill_20251203_054249_f333015b_src_04
2025-12-03 13:48:22,548 - INFO - Created FAISS store 'skill_20251203_054249_f333015b_src_04' with 148 chunks (persisted to disk)
2025-12-03 13:48:22,548 - INFO -   ✓ FAISS 存儲完成: skill_20251203_054249_f333015b_src_04
2025-12-03 13:48:22,548 - INFO -     存儲 SQLite metadata...
2025-12-03 13:48:22,551 - INFO - Created skill metadata: skill_20251203_054249_f333015b_src_04 (六法全書-民法), parent=skill_20251203_054249_f333015b, source=民事訴訟法
2025-12-03 13:48:22,555 - INFO -     ✓ Child SQLite metadata 存儲完成: 民事訴訟法
2025-12-03 13:48:22,555 - INFO -     ✅ 完成 民事訴訟法: 148 頁 → 148 embeddings
2025-12-03 13:48:22,555 - INFO - 
創建 Main Skill (Group Header)...
2025-12-03 13:48:22,556 - INFO - Created skill metadata: skill_20251203_054249_f333015b (六法全書-民法), parent=root, source=None
2025-12-03 13:48:22,556 - INFO -   ✅ Main Skill (Group Header) 創建完成
2025-12-03 13:48:22,556 - INFO - 
✅ 成功建立 Skill: 六法全書-民法
2025-12-03 13:48:22,556 - INFO -    - Group Header: skill_20251203_054249_f333015b
2025-12-03 13:48:22,556 - INFO -    - Child Skills: 5
2025-12-03 13:48:22,556 - INFO -    - Total Chunks: 533
2025-12-03 13:48:22,556 - INFO - 
============================================================
2025-12-03 13:48:22,556 - INFO - 重建完成！結果摘要：
2025-12-03 13:48:22,556 - INFO - ============================================================
2025-12-03 13:48:22,556 - INFO - 
📚 Skill: 六法全書-民法
2025-12-03 13:48:22,556 - INFO -    ID: skill_20251203_054249_f333015b
2025-12-03 13:48:22,556 - INFO -    類別: Legal
2025-12-03 13:48:22,556 - INFO -    文檔數: 5
2025-12-03 13:48:22,557 - INFO -    Chunks: 533
2025-12-03 13:48:22,557 - INFO -    文檔: 民法, 強制執行法, 家事事件法, 消費者保護法, 民事訴訟法
2025-12-03 13:48:22,557 - INFO - 
============================================================
2025-12-03 13:48:22,557 - INFO - 總計: 1 Skills, 5 文檔, 533 Chunks
2025-12-03 13:48:22,557 - INFO - ============================================================
2025-12-03 13:48:22,557 - INFO - 
✅ 重建完成！(範圍: all)
2025-12-03 15:17:26,639 - INFO - 成功載入配置文件: /home/mapleleaf/LCJRepos/gitprjs/DocAI/scripts/skill_data/skill_config.json
2025-12-03 15:17:26,639 - INFO - Skill Metadata Provider initialized: /home/mapleleaf/LCJRepos/gitprjs/DocAI/data/skill_metadata.db
2025-12-03 15:17:26,640 - INFO - Using CPU as specified
2025-12-03 15:17:26,640 - INFO - Auto-detected device for embeddings: cpu
2025-12-03 15:17:26,640 - INFO - Embedding Provider configured with model: sentence-transformers/all-MiniLM-L6-v2, device: cpu
2025-12-03 15:17:26,751 - INFO - Loading embedding model: sentence-transformers/all-MiniLM-L6-v2
2025-12-03 15:17:26,753 - INFO - Load pretrained SentenceTransformer: sentence-transformers/all-MiniLM-L6-v2
2025-12-03 15:17:29,219 - INFO - Successfully loaded embedding model: sentence-transformers/all-MiniLM-L6-v2
2025-12-03 15:17:29,219 - INFO - Loading BGE-M3 model on cpu...
2025-12-03 15:17:29,220 - INFO - Load pretrained SentenceTransformer: BAAI/bge-m3
2025-12-03 15:17:33,557 - INFO - ✅ BGE-M3 model loaded successfully (dim=1024)
2025-12-03 15:17:33,581 - INFO - Loading faiss with AVX512 support.
2025-12-03 15:17:33,649 - INFO - Successfully loaded faiss with AVX512 support.
2025-12-03 15:17:33,660 - WARNING - `embedding_function` is expected to be an Embeddings object, support for passing in a function will soon be removed.
2025-12-03 15:17:33,660 - INFO - Loaded FAISS store 'skill_20251202_071626_d01fd9b0' (skill) from data/faiss_indices/skills/skill_20251202_071626_d01fd9b0
2025-12-03 15:17:33,662 - WARNING - `embedding_function` is expected to be an Embeddings object, support for passing in a function will soon be removed.
2025-12-03 15:17:33,662 - INFO - Loaded FAISS store 'skill_20251201_074336_d01fd9b0' (skill) from data/faiss_indices/skills/skill_20251201_074336_d01fd9b0
2025-12-03 15:17:33,662 - WARNING - `embedding_function` is expected to be an Embeddings object, support for passing in a function will soon be removed.
2025-12-03 15:17:33,662 - INFO - Loaded FAISS store 'skill_20251202_064106_f333015b' (skill) from data/faiss_indices/skills/skill_20251202_064106_f333015b
2025-12-03 15:17:33,663 - WARNING - `embedding_function` is expected to be an Embeddings object, support for passing in a function will soon be removed.
2025-12-03 15:17:33,664 - INFO - Loaded FAISS store 'skill_20251203_054249_f333015b_src_04' (skill) from data/faiss_indices/skills/skill_20251203_054249_f333015b_src_04
2025-12-03 15:17:33,664 - WARNING - `embedding_function` is expected to be an Embeddings object, support for passing in a function will soon be removed.
2025-12-03 15:17:33,664 - INFO - Loaded FAISS store 'skill_20251128_070013_b8cc08c1' (skill) from data/faiss_indices/skills/skill_20251128_070013_b8cc08c1
2025-12-03 15:17:33,665 - WARNING - `embedding_function` is expected to be an Embeddings object, support for passing in a function will soon be removed.
2025-12-03 15:17:33,665 - INFO - Loaded FAISS store 'skill_20251203_054249_f333015b_src_01' (skill) from data/faiss_indices/skills/skill_20251203_054249_f333015b_src_01
2025-12-03 15:17:33,665 - WARNING - `embedding_function` is expected to be an Embeddings object, support for passing in a function will soon be removed.
2025-12-03 15:17:33,665 - INFO - Loaded FAISS store 'skill_20251203_054249_f333015b_src_03' (skill) from data/faiss_indices/skills/skill_20251203_054249_f333015b_src_03
2025-12-03 15:17:33,666 - WARNING - `embedding_function` is expected to be an Embeddings object, support for passing in a function will soon be removed.
2025-12-03 15:17:33,666 - INFO - Loaded FAISS store 'skill_20251202_071055_b45c5a1f' (skill) from data/faiss_indices/skills/skill_20251202_071055_b45c5a1f
2025-12-03 15:17:33,667 - WARNING - `embedding_function` is expected to be an Embeddings object, support for passing in a function will soon be removed.
2025-12-03 15:17:33,667 - INFO - Loaded FAISS store 'skill_20251126_104421_4fdb3e9b' (skill) from data/faiss_indices/skills/skill_20251126_104421_4fdb3e9b
2025-12-03 15:17:33,668 - WARNING - `embedding_function` is expected to be an Embeddings object, support for passing in a function will soon be removed.
2025-12-03 15:17:33,668 - INFO - Loaded FAISS store 'skill_20251127_100500_b8cc08c1' (skill) from data/faiss_indices/skills/skill_20251127_100500_b8cc08c1
2025-12-03 15:17:33,671 - WARNING - `embedding_function` is expected to be an Embeddings object, support for passing in a function will soon be removed.
2025-12-03 15:17:33,671 - INFO - Loaded FAISS store 'skill_20251126_104649_f333015b' (skill) from data/faiss_indices/skills/skill_20251126_104649_f333015b
2025-12-03 15:17:33,672 - WARNING - `embedding_function` is expected to be an Embeddings object, support for passing in a function will soon be removed.
2025-12-03 15:17:33,672 - INFO - Loaded FAISS store 'skill_20251128_030424_b8cc08c1' (skill) from data/faiss_indices/skills/skill_20251128_030424_b8cc08c1
2025-12-03 15:17:33,673 - WARNING - `embedding_function` is expected to be an Embeddings object, support for passing in a function will soon be removed.
2025-12-03 15:17:33,673 - INFO - Loaded FAISS store 'skill_20251128_074913_b7380bf3' (skill) from data/faiss_indices/skills/skill_20251128_074913_b7380bf3
2025-12-03 15:17:33,674 - WARNING - `embedding_function` is expected to be an Embeddings object, support for passing in a function will soon be removed.
2025-12-03 15:17:33,674 - INFO - Loaded FAISS store 'skill_20251203_054249_f333015b_src_00' (skill) from data/faiss_indices/skills/skill_20251203_054249_f333015b_src_00
2025-12-03 15:17:33,679 - WARNING - `embedding_function` is expected to be an Embeddings object, support for passing in a function will soon be removed.
2025-12-03 15:17:33,679 - INFO - Loaded FAISS store 'skill_20251126_105138_b8cc08c1' (skill) from data/faiss_indices/skills/skill_20251126_105138_b8cc08c1
2025-12-03 15:17:33,679 - WARNING - `embedding_function` is expected to be an Embeddings object, support for passing in a function will soon be removed.
2025-12-03 15:17:33,679 - INFO - Loaded FAISS store 'skill_20251203_054249_f333015b_src_02' (skill) from data/faiss_indices/skills/skill_20251203_054249_f333015b_src_02
2025-12-03 15:17:33,681 - WARNING - `embedding_function` is expected to be an Embeddings object, support for passing in a function will soon be removed.
2025-12-03 15:17:33,681 - INFO - Loaded FAISS store 'skill_20251202_070843_4fdb3e9b' (skill) from data/faiss_indices/skills/skill_20251202_070843_4fdb3e9b
2025-12-03 15:17:33,681 - INFO - Loaded 17 FAISS stores from disk: ['skill_20251202_071626_d01fd9b0', 'skill_20251201_074336_d01fd9b0', 'skill_20251202_064106_f333015b', 'skill_20251203_054249_f333015b_src_04', 'skill_20251128_070013_b8cc08c1', 'skill_20251203_054249_f333015b_src_01', 'skill_20251203_054249_f333015b_src_03', 'skill_20251202_071055_b45c5a1f', 'skill_20251126_104421_4fdb3e9b', 'skill_20251127_100500_b8cc08c1', 'skill_20251126_104649_f333015b', 'skill_20251128_030424_b8cc08c1', 'skill_20251128_074913_b7380bf3', 'skill_20251203_054249_f333015b_src_00', 'skill_20251126_105138_b8cc08c1', 'skill_20251203_054249_f333015b_src_02', 'skill_20251202_070843_4fdb3e9b']
2025-12-03 15:17:33,681 - INFO - Vector Store Provider initialized with backend: faiss
2025-12-03 15:17:33,681 - INFO - Skill Config Rebuilder 初始化完成
2025-12-03 15:17:33,681 - INFO -   配置文件: /home/mapleleaf/LCJRepos/gitprjs/DocAI/scripts/skill_data/skill_config.json
2025-12-03 15:17:33,681 - INFO -   Chunk Size: 1000
2025-12-03 15:17:33,681 - INFO -   Embedding Dimension: 1024
2025-12-03 15:17:33,681 - INFO - 
============================================================
2025-12-03 15:17:33,681 - INFO - 開始重建 Skills (from JSON config)
2025-12-03 15:17:33,681 - INFO - ============================================================
2025-12-03 15:17:33,681 - INFO - 
============================================================
2025-12-03 15:17:33,681 - INFO - 開始建立 Skill (Per-PDF Mode): 大語言模型大全
2025-12-03 15:17:33,681 - INFO - 描述: Large Language Model 基礎知識與實作
2025-12-03 15:17:33,681 - INFO - 類別: Technology
2025-12-03 15:17:33,681 - INFO - PDF 數量: 9
2025-12-03 15:17:33,681 - INFO - ============================================================
2025-12-03 15:17:33,681 - INFO - Main Skill ID (Group Header): skill_20251203_071733_2a43e5ac
2025-12-03 15:17:33,681 - INFO - 
  [1/9] 處理 PDF: Build_a_Large_Language_Model_From_Scratch_manning_2024
2025-12-03 15:17:37,482 - INFO -     提取 370 頁 from Build_a_Large_Language_Model_From_Scratch_manning_2024.pdf
2025-12-03 15:17:37,482 - INFO -     Child Skill ID: skill_20251203_071733_2a43e5ac_src_00
2025-12-03 15:17:37,482 - INFO -     生成 370 個 embeddings (batch processing)...
2025-12-03 15:17:37,487 - INFO - Generating embeddings for 370 texts...
2025-12-03 15:24:24,733 - INFO - ✅ Generated 370 embeddings (dim=1024)
2025-12-03 15:24:24,733 - INFO -     存儲 FAISS 索引...
2025-12-03 15:24:24,735 - WARNING - `embedding_function` is expected to be an Embeddings object, support for passing in a function will soon be removed.
2025-12-03 15:24:24,738 - INFO - Saved FAISS store 'skill_20251203_071733_2a43e5ac_src_00' (skill) to data/faiss_indices/skills/skill_20251203_071733_2a43e5ac_src_00
2025-12-03 15:24:24,738 - INFO - Created FAISS store 'skill_20251203_071733_2a43e5ac_src_00' with 370 chunks (persisted to disk)
2025-12-03 15:24:24,738 - INFO -   ✓ FAISS 存儲完成: skill_20251203_071733_2a43e5ac_src_00
2025-12-03 15:24:24,738 - INFO -     存儲 SQLite metadata...
2025-12-03 15:24:24,740 - INFO - Created skill metadata: skill_20251203_071733_2a43e5ac_src_00 (大語言模型大全), parent=skill_20251203_071733_2a43e5ac, source=Build_a_Large_Language_Model_From_Scratch_manning_2024
2025-12-03 15:24:24,747 - INFO -     ✓ Child SQLite metadata 存儲完成: Build_a_Large_Language_Model_From_Scratch_manning_2024
2025-12-03 15:24:24,747 - INFO -     ✅ 完成 Build_a_Large_Language_Model_From_Scratch_manning_2024: 370 頁 → 370 embeddings
2025-12-03 15:24:24,747 - INFO - 
  [2/9] 處理 PDF: Decoding_Large_Language_Models_packt_2024
2025-12-03 15:24:29,528 - INFO -     提取 385 頁 from Decoding_Large_Language_Models_packt_2024.pdf
2025-12-03 15:24:29,528 - INFO -     Child Skill ID: skill_20251203_071733_2a43e5ac_src_01
2025-12-03 15:24:29,528 - INFO -     生成 385 個 embeddings (batch processing)...
2025-12-03 15:24:29,534 - INFO - Generating embeddings for 385 texts...
2025-12-03 15:30:02,197 - INFO - ✅ Generated 385 embeddings (dim=1024)
2025-12-03 15:30:02,197 - INFO -     存儲 FAISS 索引...
2025-12-03 15:30:02,198 - WARNING - `embedding_function` is expected to be an Embeddings object, support for passing in a function will soon be removed.
2025-12-03 15:30:02,203 - INFO - Saved FAISS store 'skill_20251203_071733_2a43e5ac_src_01' (skill) to data/faiss_indices/skills/skill_20251203_071733_2a43e5ac_src_01
2025-12-03 15:30:02,203 - INFO - Created FAISS store 'skill_20251203_071733_2a43e5ac_src_01' with 385 chunks (persisted to disk)
2025-12-03 15:30:02,203 - INFO -   ✓ FAISS 存儲完成: skill_20251203_071733_2a43e5ac_src_01
2025-12-03 15:30:02,203 - INFO -     存儲 SQLite metadata...
2025-12-03 15:30:02,204 - INFO - Created skill metadata: skill_20251203_071733_2a43e5ac_src_01 (大語言模型大全), parent=skill_20251203_071733_2a43e5ac, source=Decoding_Large_Language_Models_packt_2024
2025-12-03 15:30:02,211 - INFO -     ✓ Child SQLite metadata 存儲完成: Decoding_Large_Language_Models_packt_2024
2025-12-03 15:30:02,211 - INFO -     ✅ 完成 Decoding_Large_Language_Models_packt_2024: 385 頁 → 385 embeddings
2025-12-03 15:30:02,211 - INFO - 
  [3/9] 處理 PDF: Hands_On_Large_Language_Models_oreilly_2024
2025-12-03 15:30:04,589 - INFO -     提取 595 頁 from Hands_On_Large_Language_Models_oreilly_2024.pdf
2025-12-03 15:30:04,589 - INFO -     Child Skill ID: skill_20251203_071733_2a43e5ac_src_02
2025-12-03 15:30:04,589 - INFO -     生成 595 個 embeddings (batch processing)...
2025-12-03 15:30:04,594 - INFO - Generating embeddings for 595 texts...
2025-12-03 15:35:33,526 - INFO - ✅ Generated 595 embeddings (dim=1024)
2025-12-03 15:35:33,526 - INFO -     存儲 FAISS 索引...
2025-12-03 15:35:33,528 - WARNING - `embedding_function` is expected to be an Embeddings object, support for passing in a function will soon be removed.
2025-12-03 15:35:33,532 - INFO - Saved FAISS store 'skill_20251203_071733_2a43e5ac_src_02' (skill) to data/faiss_indices/skills/skill_20251203_071733_2a43e5ac_src_02
2025-12-03 15:35:33,532 - INFO - Created FAISS store 'skill_20251203_071733_2a43e5ac_src_02' with 595 chunks (persisted to disk)
2025-12-03 15:35:33,532 - INFO -   ✓ FAISS 存儲完成: skill_20251203_071733_2a43e5ac_src_02
2025-12-03 15:35:33,532 - INFO -     存儲 SQLite metadata...
2025-12-03 15:35:33,534 - INFO - Created skill metadata: skill_20251203_071733_2a43e5ac_src_02 (大語言模型大全), parent=skill_20251203_071733_2a43e5ac, source=Hands_On_Large_Language_Models_oreilly_2024
2025-12-03 15:35:33,543 - INFO -     ✓ Child SQLite metadata 存儲完成: Hands_On_Large_Language_Models_oreilly_2024
2025-12-03 15:35:33,543 - INFO -     ✅ 完成 Hands_On_Large_Language_Models_oreilly_2024: 595 頁 → 595 embeddings
2025-12-03 15:35:33,543 - INFO - 
  [4/9] 處理 PDF: Large_Language_Models_Projects_apress_2024
2025-12-03 15:35:35,405 - INFO -     提取 366 頁 from Large_Language_Models_Projects_apress_2024.pdf
2025-12-03 15:35:35,406 - INFO -     Child Skill ID: skill_20251203_071733_2a43e5ac_src_03
2025-12-03 15:35:35,406 - INFO -     生成 366 個 embeddings (batch processing)...
2025-12-03 15:35:35,411 - INFO - Generating embeddings for 366 texts...
2025-12-03 15:40:56,323 - INFO - ✅ Generated 366 embeddings (dim=1024)
2025-12-03 15:40:56,324 - INFO -     存儲 FAISS 索引...
2025-12-03 15:40:56,325 - WARNING - `embedding_function` is expected to be an Embeddings object, support for passing in a function will soon be removed.
2025-12-03 15:40:56,328 - INFO - Saved FAISS store 'skill_20251203_071733_2a43e5ac_src_03' (skill) to data/faiss_indices/skills/skill_20251203_071733_2a43e5ac_src_03
2025-12-03 15:40:56,328 - INFO - Created FAISS store 'skill_20251203_071733_2a43e5ac_src_03' with 366 chunks (persisted to disk)
2025-12-03 15:40:56,328 - INFO -   ✓ FAISS 存儲完成: skill_20251203_071733_2a43e5ac_src_03
2025-12-03 15:40:56,328 - INFO -     存儲 SQLite metadata...
2025-12-03 15:40:56,330 - INFO - Created skill metadata: skill_20251203_071733_2a43e5ac_src_03 (大語言模型大全), parent=skill_20251203_071733_2a43e5ac, source=Large_Language_Models_Projects_apress_2024
2025-12-03 15:40:56,336 - INFO -     ✓ Child SQLite metadata 存儲完成: Large_Language_Models_Projects_apress_2024
2025-12-03 15:40:56,337 - INFO -     ✅ 完成 Large_Language_Models_Projects_apress_2024: 366 頁 → 366 embeddings
2025-12-03 15:40:56,337 - INFO - 
  [5/9] 處理 PDF: LLM_Engineers_Handbook_packt_2024
2025-12-03 15:41:00,094 - INFO -     提取 513 頁 from LLM_Engineers_Handbook_packt_2024.pdf
2025-12-03 15:41:00,094 - INFO -     Child Skill ID: skill_20251203_071733_2a43e5ac_src_04
2025-12-03 15:41:00,095 - INFO -     生成 513 個 embeddings (batch processing)...
2025-12-03 15:41:00,102 - INFO - Generating embeddings for 513 texts...
2025-12-03 15:48:51,162 - INFO - ✅ Generated 513 embeddings (dim=1024)
2025-12-03 15:48:51,162 - INFO -     存儲 FAISS 索引...
2025-12-03 15:48:51,165 - WARNING - `embedding_function` is expected to be an Embeddings object, support for passing in a function will soon be removed.
2025-12-03 15:48:51,169 - INFO - Saved FAISS store 'skill_20251203_071733_2a43e5ac_src_04' (skill) to data/faiss_indices/skills/skill_20251203_071733_2a43e5ac_src_04
2025-12-03 15:48:51,169 - INFO - Created FAISS store 'skill_20251203_071733_2a43e5ac_src_04' with 513 chunks (persisted to disk)
2025-12-03 15:48:51,169 - INFO -   ✓ FAISS 存儲完成: skill_20251203_071733_2a43e5ac_src_04
2025-12-03 15:48:51,169 - INFO -     存儲 SQLite metadata...
2025-12-03 15:48:51,171 - INFO - Created skill metadata: skill_20251203_071733_2a43e5ac_src_04 (大語言模型大全), parent=skill_20251203_071733_2a43e5ac, source=LLM_Engineers_Handbook_packt_2024
2025-12-03 15:48:51,179 - INFO -     ✓ Child SQLite metadata 存儲完成: LLM_Engineers_Handbook_packt_2024
2025-12-03 15:48:51,179 - INFO -     ✅ 完成 LLM_Engineers_Handbook_packt_2024: 513 頁 → 513 embeddings
2025-12-03 15:48:51,179 - INFO - 
  [6/9] 處理 PDF: Large_Language_Models_Bridging_Theory_and_Practice_springer_2024
2025-12-03 15:48:54,851 - INFO -     提取 496 頁 from Large_Language_Models_Bridging_Theory_and_Practice_springer_2024.pdf
2025-12-03 15:48:54,851 - INFO -     Child Skill ID: skill_20251203_071733_2a43e5ac_src_05
2025-12-03 15:48:54,852 - INFO -     生成 496 個 embeddings (batch processing)...
2025-12-03 15:48:54,859 - INFO - Generating embeddings for 496 texts...
2025-12-03 16:02:57,714 - INFO - ✅ Generated 496 embeddings (dim=1024)
2025-12-03 16:02:57,714 - INFO -     存儲 FAISS 索引...
2025-12-03 16:02:57,716 - WARNING - `embedding_function` is expected to be an Embeddings object, support for passing in a function will soon be removed.
2025-12-03 16:02:57,720 - INFO - Saved FAISS store 'skill_20251203_071733_2a43e5ac_src_05' (skill) to data/faiss_indices/skills/skill_20251203_071733_2a43e5ac_src_05
2025-12-03 16:02:57,720 - INFO - Created FAISS store 'skill_20251203_071733_2a43e5ac_src_05' with 496 chunks (persisted to disk)
2025-12-03 16:02:57,720 - INFO -   ✓ FAISS 存儲完成: skill_20251203_071733_2a43e5ac_src_05
2025-12-03 16:02:57,720 - INFO -     存儲 SQLite metadata...
2025-12-03 16:02:57,721 - INFO - Created skill metadata: skill_20251203_071733_2a43e5ac_src_05 (大語言模型大全), parent=skill_20251203_071733_2a43e5ac, source=Large_Language_Models_Bridging_Theory_and_Practice_springer_2024
2025-12-03 16:02:57,729 - INFO -     ✓ Child SQLite metadata 存儲完成: Large_Language_Models_Bridging_Theory_and_Practice_springer_2024
2025-12-03 16:02:57,729 - INFO -     ✅ 完成 Large_Language_Models_Bridging_Theory_and_Practice_springer_2024: 496 頁 → 496 embeddings
2025-12-03 16:02:57,729 - INFO - 
  [7/9] 處理 PDF: Decoding_Large_Language_Models_packt_2024
2025-12-03 16:03:02,388 - INFO -     提取 385 頁 from Decoding_Large_Language_Models_packt_2024.pdf
2025-12-03 16:03:02,388 - INFO -     Child Skill ID: skill_20251203_071733_2a43e5ac_src_06
2025-12-03 16:03:02,389 - INFO -     生成 385 個 embeddings (batch processing)...
2025-12-03 16:03:02,395 - INFO - Generating embeddings for 385 texts...
2025-12-03 16:08:45,494 - INFO - ✅ Generated 385 embeddings (dim=1024)
2025-12-03 16:08:45,494 - INFO -     存儲 FAISS 索引...
2025-12-03 16:08:45,495 - WARNING - `embedding_function` is expected to be an Embeddings object, support for passing in a function will soon be removed.
2025-12-03 16:08:45,498 - INFO - Saved FAISS store 'skill_20251203_071733_2a43e5ac_src_06' (skill) to data/faiss_indices/skills/skill_20251203_071733_2a43e5ac_src_06
2025-12-03 16:08:45,498 - INFO - Created FAISS store 'skill_20251203_071733_2a43e5ac_src_06' with 385 chunks (persisted to disk)
2025-12-03 16:08:45,498 - INFO -   ✓ FAISS 存儲完成: skill_20251203_071733_2a43e5ac_src_06
2025-12-03 16:08:45,498 - INFO -     存儲 SQLite metadata...
2025-12-03 16:08:45,500 - INFO - Created skill metadata: skill_20251203_071733_2a43e5ac_src_06 (大語言模型大全), parent=skill_20251203_071733_2a43e5ac, source=Decoding_Large_Language_Models_packt_2024
2025-12-03 16:08:45,506 - INFO -     ✓ Child SQLite metadata 存儲完成: Decoding_Large_Language_Models_packt_2024
2025-12-03 16:08:45,506 - INFO -     ✅ 完成 Decoding_Large_Language_Models_packt_2024: 385 頁 → 385 embeddings
2025-12-03 16:08:45,506 - INFO - 
  [8/9] 處理 PDF: CSS揭秘
2025-12-03 16:08:53,980 - INFO -     提取 264 頁 from CSS揭秘.pdf
2025-12-03 16:08:53,980 - INFO -     Child Skill ID: skill_20251203_071733_2a43e5ac_src_07
2025-12-03 16:08:53,980 - INFO -     生成 264 個 embeddings (batch processing)...
2025-12-03 16:08:53,982 - INFO - Generating embeddings for 264 texts...
2025-12-03 16:13:14,286 - INFO - ✅ Generated 264 embeddings (dim=1024)
2025-12-03 16:13:14,286 - INFO -     存儲 FAISS 索引...
2025-12-03 16:13:14,287 - WARNING - `embedding_function` is expected to be an Embeddings object, support for passing in a function will soon be removed.
2025-12-03 16:13:14,289 - INFO - Saved FAISS store 'skill_20251203_071733_2a43e5ac_src_07' (skill) to data/faiss_indices/skills/skill_20251203_071733_2a43e5ac_src_07
2025-12-03 16:13:14,290 - INFO - Created FAISS store 'skill_20251203_071733_2a43e5ac_src_07' with 264 chunks (persisted to disk)
2025-12-03 16:13:14,290 - INFO -   ✓ FAISS 存儲完成: skill_20251203_071733_2a43e5ac_src_07
2025-12-03 16:13:14,290 - INFO -     存儲 SQLite metadata...
2025-12-03 16:13:14,292 - INFO - Created skill metadata: skill_20251203_071733_2a43e5ac_src_07 (大語言模型大全), parent=skill_20251203_071733_2a43e5ac, source=CSS揭秘
2025-12-03 16:13:14,297 - INFO -     ✓ Child SQLite metadata 存儲完成: CSS揭秘
2025-12-03 16:13:14,297 - INFO -     ✅ 完成 CSS揭秘: 264 頁 → 264 embeddings
2025-12-03 16:13:14,297 - INFO - 
  [9/9] 處理 PDF: LLM_Prompt_Engineering_For_Developers
2025-12-03 16:13:15,833 - INFO -     提取 311 頁 from LLM_Prompt_Engineering_For_Developers.pdf
2025-12-03 16:13:15,833 - INFO -     Child Skill ID: skill_20251203_071733_2a43e5ac_src_08
2025-12-03 16:13:15,833 - INFO -     生成 311 個 embeddings (batch processing)...
2025-12-03 16:13:15,836 - INFO - Generating embeddings for 311 texts...
2025-12-03 16:18:51,861 - INFO - ✅ Generated 311 embeddings (dim=1024)
2025-12-03 16:18:51,861 - INFO -     存儲 FAISS 索引...
2025-12-03 16:18:51,862 - WARNING - `embedding_function` is expected to be an Embeddings object, support for passing in a function will soon be removed.
2025-12-03 16:18:51,865 - INFO - Saved FAISS store 'skill_20251203_071733_2a43e5ac_src_08' (skill) to data/faiss_indices/skills/skill_20251203_071733_2a43e5ac_src_08
2025-12-03 16:18:51,865 - INFO - Created FAISS store 'skill_20251203_071733_2a43e5ac_src_08' with 311 chunks (persisted to disk)
2025-12-03 16:18:51,865 - INFO -   ✓ FAISS 存儲完成: skill_20251203_071733_2a43e5ac_src_08
2025-12-03 16:18:51,865 - INFO -     存儲 SQLite metadata...
2025-12-03 16:18:51,867 - INFO - Created skill metadata: skill_20251203_071733_2a43e5ac_src_08 (大語言模型大全), parent=skill_20251203_071733_2a43e5ac, source=LLM_Prompt_Engineering_For_Developers
2025-12-03 16:18:51,872 - INFO -     ✓ Child SQLite metadata 存儲完成: LLM_Prompt_Engineering_For_Developers
2025-12-03 16:18:51,872 - INFO -     ✅ 完成 LLM_Prompt_Engineering_For_Developers: 311 頁 → 311 embeddings
2025-12-03 16:18:51,872 - INFO - 
創建 Main Skill (Group Header)...
2025-12-03 16:18:51,874 - INFO - Created skill metadata: skill_20251203_071733_2a43e5ac (大語言模型大全), parent=root, source=None
2025-12-03 16:18:51,874 - INFO -   ✅ Main Skill (Group Header) 創建完成
2025-12-03 16:18:51,874 - INFO - 
✅ 成功建立 Skill: 大語言模型大全
2025-12-03 16:18:51,874 - INFO -    - Group Header: skill_20251203_071733_2a43e5ac
2025-12-03 16:18:51,874 - INFO -    - Child Skills: 9
2025-12-03 16:18:51,874 - INFO -    - Total Chunks: 3685
2025-12-03 16:18:51,874 - INFO - 
============================================================
2025-12-03 16:18:51,874 - INFO - 重建完成！結果摘要：
2025-12-03 16:18:51,874 - INFO - ============================================================
2025-12-03 16:18:51,874 - INFO - 
📚 Skill: 大語言模型大全
2025-12-03 16:18:51,874 - INFO -    ID: skill_20251203_071733_2a43e5ac
2025-12-03 16:18:51,874 - INFO -    類別: Technology
2025-12-03 16:18:51,874 - INFO -    文檔數: 9
2025-12-03 16:18:51,874 - INFO -    Chunks: 3685
2025-12-03 16:18:51,874 - INFO -    文檔: Build_a_Large_Language_Model_From_Scratch_manning_2024, Decoding_Large_Language_Models_packt_2024, Hands_On_Large_Language_Models_oreilly_2024, Large_Language_Models_Projects_apress_2024, LLM_Engineers_Handbook_packt_2024, Large_Language_Models_Bridging_Theory_and_Practice_springer_2024, Decoding_Large_Language_Models_packt_2024, CSS揭秘, LLM_Prompt_Engineering_For_Developers
2025-12-03 16:18:51,874 - INFO - 
============================================================
2025-12-03 16:18:51,874 - INFO - 總計: 1 Skills, 9 文檔, 3685 Chunks
2025-12-03 16:18:51,874 - INFO - ============================================================
2025-12-03 16:18:51,874 - INFO - 
✅ 重建完成！(範圍: all)
2025-12-03 17:41:27,827 - INFO - 成功載入配置文件: /home/mapleleaf/LCJRepos/gitprjs/DocAI/scripts/skill_data/skill_config.json
2025-12-03 17:41:27,827 - INFO - Skill Metadata Provider initialized: /home/mapleleaf/LCJRepos/gitprjs/DocAI/data/skill_metadata.db
2025-12-03 17:41:27,827 - INFO - Using CPU as specified
2025-12-03 17:41:27,827 - INFO - Auto-detected device for embeddings: cpu
2025-12-03 17:41:27,827 - INFO - Embedding Provider configured with model: sentence-transformers/all-MiniLM-L6-v2, device: cpu
2025-12-03 17:41:27,928 - INFO - Loading embedding model: sentence-transformers/all-MiniLM-L6-v2
2025-12-03 17:41:27,930 - INFO - Load pretrained SentenceTransformer: sentence-transformers/all-MiniLM-L6-v2
2025-12-03 17:41:30,416 - INFO - Successfully loaded embedding model: sentence-transformers/all-MiniLM-L6-v2
2025-12-03 17:41:30,416 - INFO - Loading BGE-M3 model on cpu...
2025-12-03 17:41:30,417 - INFO - Load pretrained SentenceTransformer: BAAI/bge-m3
2025-12-03 17:41:35,180 - INFO - ✅ BGE-M3 model loaded successfully (dim=1024)
2025-12-03 17:41:35,195 - INFO - Loading faiss with AVX512 support.
2025-12-03 17:41:35,209 - INFO - Successfully loaded faiss with AVX512 support.
2025-12-03 17:41:35,212 - WARNING - `embedding_function` is expected to be an Embeddings object, support for passing in a function will soon be removed.
2025-12-03 17:41:35,212 - INFO - Loaded FAISS store 'skill_20251202_064106_f333015b' (skill) from data/faiss_indices/skills/skill_20251202_064106_f333015b
2025-12-03 17:41:35,213 - WARNING - `embedding_function` is expected to be an Embeddings object, support for passing in a function will soon be removed.
2025-12-03 17:41:35,213 - INFO - Loaded FAISS store 'skill_20251203_071733_2a43e5ac_src_06' (skill) from data/faiss_indices/skills/skill_20251203_071733_2a43e5ac_src_06
2025-12-03 17:41:35,214 - WARNING - `embedding_function` is expected to be an Embeddings object, support for passing in a function will soon be removed.
2025-12-03 17:41:35,214 - INFO - Loaded FAISS store 'skill_20251203_054249_f333015b_src_04' (skill) from data/faiss_indices/skills/skill_20251203_054249_f333015b_src_04
2025-12-03 17:41:35,214 - WARNING - `embedding_function` is expected to be an Embeddings object, support for passing in a function will soon be removed.
2025-12-03 17:41:35,215 - INFO - Loaded FAISS store 'skill_20251203_092805_4fdb3e9b' (skill) from data/faiss_indices/skills/skill_20251203_092805_4fdb3e9b
2025-12-03 17:41:35,216 - WARNING - `embedding_function` is expected to be an Embeddings object, support for passing in a function will soon be removed.
2025-12-03 17:41:35,216 - INFO - Loaded FAISS store 'skill_20251203_071733_2a43e5ac_src_08' (skill) from data/faiss_indices/skills/skill_20251203_071733_2a43e5ac_src_08
2025-12-03 17:41:35,218 - WARNING - `embedding_function` is expected to be an Embeddings object, support for passing in a function will soon be removed.
2025-12-03 17:41:35,218 - INFO - Loaded FAISS store 'skill_20251203_071733_2a43e5ac_src_04' (skill) from data/faiss_indices/skills/skill_20251203_071733_2a43e5ac_src_04
2025-12-03 17:41:35,218 - WARNING - `embedding_function` is expected to be an Embeddings object, support for passing in a function will soon be removed.
2025-12-03 17:41:35,218 - INFO - Loaded FAISS store 'skill_20251203_054249_f333015b_src_01' (skill) from data/faiss_indices/skills/skill_20251203_054249_f333015b_src_01
2025-12-03 17:41:35,219 - WARNING - `embedding_function` is expected to be an Embeddings object, support for passing in a function will soon be removed.
2025-12-03 17:41:35,219 - INFO - Loaded FAISS store 'skill_20251203_054249_f333015b_src_03' (skill) from data/faiss_indices/skills/skill_20251203_054249_f333015b_src_03
2025-12-03 17:41:35,220 - WARNING - `embedding_function` is expected to be an Embeddings object, support for passing in a function will soon be removed.
2025-12-03 17:41:35,220 - INFO - Loaded FAISS store 'skill_20251203_071733_2a43e5ac_src_05' (skill) from data/faiss_indices/skills/skill_20251203_071733_2a43e5ac_src_05
2025-12-03 17:41:35,221 - WARNING - `embedding_function` is expected to be an Embeddings object, support for passing in a function will soon be removed.
2025-12-03 17:41:35,221 - INFO - Loaded FAISS store 'skill_20251202_071055_b45c5a1f' (skill) from data/faiss_indices/skills/skill_20251202_071055_b45c5a1f
2025-12-03 17:41:35,224 - WARNING - `embedding_function` is expected to be an Embeddings object, support for passing in a function will soon be removed.
2025-12-03 17:41:35,224 - INFO - Loaded FAISS store 'skill_20251203_071733_2a43e5ac_src_02' (skill) from data/faiss_indices/skills/skill_20251203_071733_2a43e5ac_src_02
2025-12-03 17:41:35,225 - WARNING - `embedding_function` is expected to be an Embeddings object, support for passing in a function will soon be removed.
2025-12-03 17:41:35,225 - INFO - Loaded FAISS store 'skill_20251126_104421_4fdb3e9b' (skill) from data/faiss_indices/skills/skill_20251126_104421_4fdb3e9b
2025-12-03 17:41:35,228 - WARNING - `embedding_function` is expected to be an Embeddings object, support for passing in a function will soon be removed.
2025-12-03 17:41:35,228 - INFO - Loaded FAISS store 'skill_20251126_104649_f333015b' (skill) from data/faiss_indices/skills/skill_20251126_104649_f333015b
2025-12-03 17:41:35,230 - WARNING - `embedding_function` is expected to be an Embeddings object, support for passing in a function will soon be removed.
2025-12-03 17:41:35,230 - INFO - Loaded FAISS store 'skill_20251203_071733_2a43e5ac_src_07' (skill) from data/faiss_indices/skills/skill_20251203_071733_2a43e5ac_src_07
2025-12-03 17:41:35,232 - WARNING - `embedding_function` is expected to be an Embeddings object, support for passing in a function will soon be removed.
2025-12-03 17:41:35,232 - INFO - Loaded FAISS store 'skill_20251203_071733_2a43e5ac_src_03' (skill) from data/faiss_indices/skills/skill_20251203_071733_2a43e5ac_src_03
2025-12-03 17:41:35,233 - WARNING - `embedding_function` is expected to be an Embeddings object, support for passing in a function will soon be removed.
2025-12-03 17:41:35,233 - INFO - Loaded FAISS store 'skill_20251128_074913_b7380bf3' (skill) from data/faiss_indices/skills/skill_20251128_074913_b7380bf3
2025-12-03 17:41:35,235 - WARNING - `embedding_function` is expected to be an Embeddings object, support for passing in a function will soon be removed.
2025-12-03 17:41:35,235 - INFO - Loaded FAISS store 'skill_20251203_054249_f333015b_src_00' (skill) from data/faiss_indices/skills/skill_20251203_054249_f333015b_src_00
2025-12-03 17:41:35,237 - WARNING - `embedding_function` is expected to be an Embeddings object, support for passing in a function will soon be removed.
2025-12-03 17:41:35,237 - INFO - Loaded FAISS store 'skill_20251203_071733_2a43e5ac_src_00' (skill) from data/faiss_indices/skills/skill_20251203_071733_2a43e5ac_src_00
2025-12-03 17:41:35,238 - WARNING - `embedding_function` is expected to be an Embeddings object, support for passing in a function will soon be removed.
2025-12-03 17:41:35,238 - INFO - Loaded FAISS store 'skill_20251203_054249_f333015b_src_02' (skill) from data/faiss_indices/skills/skill_20251203_054249_f333015b_src_02
2025-12-03 17:41:35,240 - WARNING - `embedding_function` is expected to be an Embeddings object, support for passing in a function will soon be removed.
2025-12-03 17:41:35,240 - INFO - Loaded FAISS store 'skill_20251203_071733_2a43e5ac_src_01' (skill) from data/faiss_indices/skills/skill_20251203_071733_2a43e5ac_src_01
2025-12-03 17:41:35,240 - INFO - Loaded 20 FAISS stores from disk: ['skill_20251202_064106_f333015b', 'skill_20251203_071733_2a43e5ac_src_06', 'skill_20251203_054249_f333015b_src_04', 'skill_20251203_092805_4fdb3e9b', 'skill_20251203_071733_2a43e5ac_src_08', 'skill_20251203_071733_2a43e5ac_src_04', 'skill_20251203_054249_f333015b_src_01', 'skill_20251203_054249_f333015b_src_03', 'skill_20251203_071733_2a43e5ac_src_05', 'skill_20251202_071055_b45c5a1f', 'skill_20251203_071733_2a43e5ac_src_02', 'skill_20251126_104421_4fdb3e9b', 'skill_20251126_104649_f333015b', 'skill_20251203_071733_2a43e5ac_src_07', 'skill_20251203_071733_2a43e5ac_src_03', 'skill_20251128_074913_b7380bf3', 'skill_20251203_054249_f333015b_src_00', 'skill_20251203_071733_2a43e5ac_src_00', 'skill_20251203_054249_f333015b_src_02', 'skill_20251203_071733_2a43e5ac_src_01']
2025-12-03 17:41:35,240 - INFO - Vector Store Provider initialized with backend: faiss
2025-12-03 17:41:35,240 - INFO - Skill Config Rebuilder 初始化完成
2025-12-03 17:41:35,240 - INFO -   配置文件: /home/mapleleaf/LCJRepos/gitprjs/DocAI/scripts/skill_data/skill_config.json
2025-12-03 17:41:35,240 - INFO -   Chunk Size: 1000
2025-12-03 17:41:35,240 - INFO -   Embedding Dimension: 1024
2025-12-03 17:41:35,240 - INFO - 
============================================================
2025-12-03 17:41:35,240 - INFO - 開始重建 Skills (from JSON config)
2025-12-03 17:41:35,240 - INFO - ============================================================
2025-12-03 17:41:35,240 - INFO - 
============================================================
2025-12-03 17:41:35,240 - INFO - 開始建立 Skill (Per-PDF Mode): ML
2025-12-03 17:41:35,240 - INFO - 描述: Machine Learning
2025-12-03 17:41:35,240 - INFO - 類別: AI
2025-12-03 17:41:35,240 - INFO - PDF 數量: 1
2025-12-03 17:41:35,240 - INFO - ============================================================
2025-12-03 17:41:35,240 - INFO - Main Skill ID (Group Header): skill_20251203_094135_d01fd9b0
2025-12-03 17:41:35,240 - INFO - 
  [1/1] 處理 PDF: Machine_Learning_Production_Systems_oreilly_2024
2025-12-03 17:41:36,742 - INFO -     提取 462 頁 from Machine_Learning_Production_Systems_oreilly_2024.pdf
2025-12-03 17:41:36,742 - INFO -     Child Skill ID: skill_20251203_094135_d01fd9b0_src_00
2025-12-03 17:41:36,743 - INFO -     生成 462 個 embeddings (batch processing)...
2025-12-03 17:41:36,750 - INFO - Generating embeddings for 462 texts...
2025-12-03 17:49:04,642 - INFO - ✅ Generated 462 embeddings (dim=1024)
2025-12-03 17:49:04,642 - INFO -     存儲 FAISS 索引...
2025-12-03 17:49:04,811 - WARNING - `embedding_function` is expected to be an Embeddings object, support for passing in a function will soon be removed.
2025-12-03 17:49:04,814 - INFO - Saved FAISS store 'skill_20251203_094135_d01fd9b0_src_00' (skill) to data/faiss_indices/skills/skill_20251203_094135_d01fd9b0_src_00
2025-12-03 17:49:04,814 - INFO - Created FAISS store 'skill_20251203_094135_d01fd9b0_src_00' with 462 chunks (persisted to disk)
2025-12-03 17:49:04,814 - INFO -   ✓ FAISS 存儲完成: skill_20251203_094135_d01fd9b0_src_00
2025-12-03 17:49:04,814 - INFO -     存儲 SQLite metadata...
2025-12-03 17:49:04,817 - INFO - Created skill metadata: skill_20251203_094135_d01fd9b0_src_00 (ML), parent=skill_20251203_094135_d01fd9b0, source=Machine_Learning_Production_Systems_oreilly_2024
2025-12-03 17:49:04,823 - INFO -     ✓ Child SQLite metadata 存儲完成: Machine_Learning_Production_Systems_oreilly_2024
2025-12-03 17:49:04,823 - INFO -     ✅ 完成 Machine_Learning_Production_Systems_oreilly_2024: 462 頁 → 462 embeddings
2025-12-03 17:49:04,823 - INFO - 
創建 Main Skill (Group Header)...
2025-12-03 17:49:04,824 - INFO - Created skill metadata: skill_20251203_094135_d01fd9b0 (ML), parent=root, source=None
2025-12-03 17:49:04,824 - INFO -   ✅ Main Skill (Group Header) 創建完成
2025-12-03 17:49:04,824 - INFO - 
✅ 成功建立 Skill: ML
2025-12-03 17:49:04,824 - INFO -    - Group Header: skill_20251203_094135_d01fd9b0
2025-12-03 17:49:04,824 - INFO -    - Child Skills: 1
2025-12-03 17:49:04,824 - INFO -    - Total Chunks: 462
2025-12-03 17:49:04,825 - INFO - 
============================================================
2025-12-03 17:49:04,825 - INFO - 重建完成！結果摘要：
2025-12-03 17:49:04,825 - INFO - ============================================================
2025-12-03 17:49:04,825 - INFO - 
📚 Skill: ML
2025-12-03 17:49:04,825 - INFO -    ID: skill_20251203_094135_d01fd9b0
2025-12-03 17:49:04,825 - INFO -    類別: AI
2025-12-03 17:49:04,825 - INFO -    文檔數: 1
2025-12-03 17:49:04,825 - INFO -    Chunks: 462
2025-12-03 17:49:04,825 - INFO -    文檔: Machine_Learning_Production_Systems_oreilly_2024
2025-12-03 17:49:04,825 - INFO - 
============================================================
2025-12-03 17:49:04,825 - INFO - 總計: 1 Skills, 1 文檔, 462 Chunks
2025-12-03 17:49:04,825 - INFO - ============================================================
2025-12-03 17:49:04,825 - INFO - 
✅ 重建完成！(範圍: all)
